id,name,age,grade
1,Student_1,13,80
2,Student_2,18,18
3,Student_3,16,78
4,Student_4,15,60
5,Student_5,11,45
6,Student_6,11,10
7,Student_7,10,46
8,Student_8,17,33
9,Student_9,15,14
10,Student_10,16,65
11,Student_11,10,5
12,Student_12,18,72
13,Student_13,17,94
14,Student_14,11,0
15,Student_15,11,100
16,Student_16,11,62
17,Student_17,12,61
18,Student_18,14,0
19,Student_19,13,2
20,Student_20,12,53
21,Student_21,15,40
22,Student_22,11,4
23,Student_23,12,98
24,Student_24,13,23
25,Student_25,14,9
26,Student_26,17,62
27,Student_27,11,38
28,Student_28,14,99
29,Student_29,15,47
30,Student_30,10,86
31,Student_31,15,68
32,Student_32,11,45
33,Student_33,10,1
34,Student_34,18,95
35,Student_35,18,56
36,Student_36,17,38
37,Student_37,12,1
38,Student_38,10,23
39,Student_39,16,24
40,Student_40,13,69
41,Student_41,11,61
42,Student_42,14,84
43,Student_43,10,17
44,Student_44,18,39
45,Student_45,12,18
46,Student_46,15,76
47,Student_47,12,42
48,Student_48,14,21
49,Student_49,14,57
50,Student_50,11,3
51,Student_51,18,85
52,Student_52,16,45
53,Student_53,18,39
54,Student_54,18,93
55,Student_55,15,73
56,Student_56,18,32
57,Student_57,10,57
58,Student_58,11,52
59,Student_59,10,97
60,Student_60,12,85
61,Student_61,13,75
62,Student_62,12,54
63,Student_63,17,59
64,Student_64,13,97
65,Student_65,12,61
66,Student_66,14,27
67,Student_67,11,29
68,Student_68,17,16
69,Student_69,10,1
70,Student_70,18,42
71,Student_71,16,39
72,Student_72,11,29
73,Student_73,10,1
74,Student_74,17,20
75,Student_75,16,71
76,Student_76,16,79
77,Student_77,16,61
78,Student_78,10,93
79,Student_79,13,65
80,Student_80,11,92
81,Student_81,17,85
82,Student_82,15,45
83,Student_83,12,9
84,Student_84,10,37
85,Student_85,12,67
86,Student_86,12,67
87,Student_87,16,59
88,Student_88,15,27
89,Student_89,17,56
90,Student_90,14,38
91,Student_91,11,98
92,Student_92,16,85
93,Student_93,16,72
94,Student_94,15,23
95,Student_95,16,25
96,Student_96,14,4
97,Student_97,14,71
98,Student_98,13,11
99,Student_99,10,44
100,Student_100,10,20
101,Student_101,10,90
102,Student_102,15,48
103,Student_103,12,56
104,Student_104,14,70
105,Student_105,18,14
106,Student_106,12,61
107,Student_107,13,54
108,Student_108,16,20
109,Student_109,12,95
110,Student_110,10,60
111,Student_111,12,70
112,Student_112,11,88
113,Student_113,18,63
114,Student_114,17,29
115,Student_115,15,10
116,Student_116,17,46
117,Student_117,17,22
118,Student_118,11,42
119,Student_119,18,89
120,Student_120,14,32
121,Student_121,17,12
122,Student_122,18,35
123,Student_123,12,91
124,Student_124,10,27
125,Student_125,12,65
126,Student_126,13,0
127,Student_127,17,35
128,Student_128,17,30
129,Student_129,10,16
130,Student_130,14,53
131,Student_131,13,48
132,Student_132,11,69
133,Student_133,11,27
134,Student_134,13,24
135,Student_135,18,16
136,Student_136,12,22
137,Student_137,14,56
138,Student_138,16,40
139,Student_139,13,6
140,Student_140,18,25
141,Student_141,18,24
142,Student_142,12,70
143,Student_143,14,71
144,Student_144,12,14
145,Student_145,12,100
146,Student_146,10,26
147,Student_147,15,98
148,Student_148,14,41
149,Student_149,10,3
150,Student_150,12,34
151,Student_151,18,64
152,Student_152,12,68
153,Student_153,11,53
154,Student_154,14,45
155,Student_155,18,55
156,Student_156,12,59
157,Student_157,16,8
158,Student_158,16,37
159,Student_159,12,24
160,Student_160,16,81
161,Student_161,13,47
162,Student_162,15,99
163,Student_163,15,40
164,Student_164,14,82
165,Student_165,10,80
166,Student_166,17,15
167,Student_167,12,51
168,Student_168,11,70
169,Student_169,10,86
170,Student_170,15,32
171,Student_171,16,22
172,Student_172,10,71
173,Student_173,14,81
174,Student_174,12,35
175,Student_175,15,9
176,Student_176,11,94
177,Student_177,16,40
178,Student_178,13,52
179,Student_179,18,84
180,Student_180,11,68
181,Student_181,13,74
182,Student_182,11,21
183,Student_183,18,54
184,Student_184,17,70
185,Student_185,12,23
186,Student_186,15,17
187,Student_187,17,99
188,Student_188,14,52
189,Student_189,14,26
190,Student_190,12,100
191,Student_191,10,97
192,Student_192,18,56
193,Student_193,18,89
194,Student_194,15,19
195,Student_195,13,28
196,Student_196,13,70
197,Student_197,16,85
198,Student_198,18,86
199,Student_199,17,40
200,Student_200,17,89
201,Student_201,15,85
202,Student_202,10,94
203,Student_203,11,79
204,Student_204,18,67
205,Student_205,15,58
206,Student_206,10,37
207,Student_207,10,94
208,Student_208,15,98
209,Student_209,10,28
210,Student_210,11,30
211,Student_211,14,49
212,Student_212,16,45
213,Student_213,15,100
214,Student_214,12,17
215,Student_215,16,1
216,Student_216,12,49
217,Student_217,12,18
218,Student_218,16,37
219,Student_219,15,75
220,Student_220,17,72
221,Student_221,15,31
222,Student_222,15,54
223,Student_223,10,51
224,Student_224,13,64
225,Student_225,12,25
226,Student_226,12,59
227,Student_227,18,98
228,Student_228,13,49
229,Student_229,18,91
230,Student_230,15,43
231,Student_231,17,35
232,Student_232,14,65
233,Student_233,15,67
234,Student_234,14,87
235,Student_235,11,23
236,Student_236,16,50
237,Student_237,12,57
238,Student_238,10,77
239,Student_239,15,4
240,Student_240,11,100
241,Student_241,18,47
242,Student_242,18,28
243,Student_243,18,89
244,Student_244,13,75
245,Student_245,10,96
246,Student_246,18,33
247,Student_247,13,55
248,Student_248,18,57
249,Student_249,18,99
250,Student_250,17,7
251,Student_251,12,30
252,Student_252,13,19
253,Student_253,17,27
254,Student_254,12,49
255,Student_255,11,37
256,Student_256,15,39
257,Student_257,18,85
258,Student_258,16,93
259,Student_259,15,7
260,Student_260,10,21
261,Student_261,15,67
262,Student_262,18,36
263,Student_263,11,25
264,Student_264,14,29
265,Student_265,17,32
266,Student_266,16,85
267,Student_267,16,13
268,Student_268,16,71
269,Student_269,13,55
270,Student_270,12,29
271,Student_271,17,42
272,Student_272,17,25
273,Student_273,17,61
274,Student_274,18,8
275,Student_275,14,0
276,Student_276,14,63
277,Student_277,17,19
278,Student_278,15,7
279,Student_279,16,40
280,Student_280,17,5
281,Student_281,18,89
282,Student_282,13,2
283,Student_283,13,58
284,Student_284,10,44
285,Student_285,15,67
286,Student_286,10,33
287,Student_287,14,15
288,Student_288,14,99
289,Student_289,12,84
290,Student_290,15,86
291,Student_291,10,25
292,Student_292,10,3
293,Student_293,17,30
294,Student_294,13,54
295,Student_295,11,32
296,Student_296,14,83
297,Student_297,16,27
298,Student_298,11,97
299,Student_299,15,46
300,Student_300,10,85
301,Student_301,10,19
302,Student_302,14,41
303,Student_303,14,70
304,Student_304,15,13
305,Student_305,16,13
306,Student_306,18,97
307,Student_307,14,72
308,Student_308,12,4
309,Student_309,17,40
310,Student_310,12,43
311,Student_311,13,75
312,Student_312,10,25
313,Student_313,10,18
314,Student_314,18,8
315,Student_315,17,43
316,Student_316,16,69
317,Student_317,13,5
318,Student_318,11,92
319,Student_319,11,44
320,Student_320,12,24
321,Student_321,14,9
322,Student_322,16,18
323,Student_323,15,94
324,Student_324,12,64
325,Student_325,18,52
326,Student_326,16,66
327,Student_327,14,44
328,Student_328,15,73
329,Student_329,13,4
330,Student_330,12,57
331,Student_331,13,16
332,Student_332,16,12
333,Student_333,10,34
334,Student_334,11,9
335,Student_335,10,9
336,Student_336,10,31
337,Student_337,17,98
338,Student_338,16,17
339,Student_339,14,1
340,Student_340,10,77
341,Student_341,14,81
342,Student_342,14,34
343,Student_343,11,46
344,Student_344,13,65
345,Student_345,13,4
346,Student_346,15,95
347,Student_347,15,89
348,Student_348,10,26
349,Student_349,13,1
350,Student_350,15,94
351,Student_351,14,50
352,Student_352,17,54
353,Student_353,15,69
354,Student_354,11,62
355,Student_355,10,95
356,Student_356,15,95
357,Student_357,10,87
358,Student_358,15,64
359,Student_359,18,80
360,Student_360,15,68
361,Student_361,13,57
362,Student_362,15,12
363,Student_363,14,81
364,Student_364,14,82
365,Student_365,18,63
366,Student_366,13,82
367,Student_367,18,65
368,Student_368,18,20
369,Student_369,11,27
370,Student_370,10,21
371,Student_371,10,38
372,Student_372,10,3
373,Student_373,10,62
374,Student_374,16,33
375,Student_375,10,66
376,Student_376,12,38
377,Student_377,17,68
378,Student_378,10,34
379,Student_379,17,26
380,Student_380,12,50
381,Student_381,11,69
382,Student_382,16,35
383,Student_383,15,94
384,Student_384,17,3
385,Student_385,16,42
386,Student_386,17,97
387,Student_387,12,55
388,Student_388,11,42
389,Student_389,16,57
390,Student_390,17,58
391,Student_391,18,73
392,Student_392,13,12
393,Student_393,13,25
394,Student_394,16,58
395,Student_395,13,87
396,Student_396,18,56
397,Student_397,17,24
398,Student_398,13,68
399,Student_399,16,74
400,Student_400,16,24
401,Student_401,10,38
402,Student_402,18,53
403,Student_403,14,50
404,Student_404,17,39
405,Student_405,12,30
406,Student_406,18,10
407,Student_407,13,5
408,Student_408,10,96
409,Student_409,18,85
410,Student_410,10,35
411,Student_411,12,96
412,Student_412,18,68
413,Student_413,18,48
414,Student_414,15,49
415,Student_415,15,8
416,Student_416,14,9
417,Student_417,12,60
418,Student_418,12,55
419,Student_419,16,21
420,Student_420,16,95
421,Student_421,17,78
422,Student_422,17,11
423,Student_423,10,94
424,Student_424,14,98
425,Student_425,10,100
426,Student_426,14,5
427,Student_427,13,74
428,Student_428,17,55
429,Student_429,13,71
430,Student_430,11,97
431,Student_431,11,69
432,Student_432,16,84
433,Student_433,15,87
434,Student_434,10,84
435,Student_435,10,43
436,Student_436,16,22
437,Student_437,10,40
438,Student_438,17,90
439,Student_439,16,14
440,Student_440,10,51
441,Student_441,10,23
442,Student_442,18,58
443,Student_443,13,87
444,Student_444,13,88
445,Student_445,17,23
446,Student_446,18,91
447,Student_447,18,59
448,Student_448,16,35
449,Student_449,13,71
450,Student_450,10,48
451,Student_451,16,38
452,Student_452,15,71
453,Student_453,13,25
454,Student_454,18,33
455,Student_455,11,43
456,Student_456,14,25
457,Student_457,10,40
458,Student_458,14,57
459,Student_459,10,74
460,Student_460,11,77
461,Student_461,11,83
462,Student_462,15,75
463,Student_463,16,68
464,Student_464,15,23
465,Student_465,18,40
466,Student_466,13,48
467,Student_467,12,8
468,Student_468,17,53
469,Student_469,12,44
470,Student_470,18,81
471,Student_471,10,98
472,Student_472,18,56
473,Student_473,10,32
474,Student_474,18,4
475,Student_475,14,93
476,Student_476,18,92
477,Student_477,10,25
478,Student_478,14,70
479,Student_479,18,7
480,Student_480,14,16
481,Student_481,15,21
482,Student_482,16,29
483,Student_483,14,100
484,Student_484,15,70
485,Student_485,15,38
486,Student_486,18,74
487,Student_487,10,92
488,Student_488,12,96
489,Student_489,18,5
490,Student_490,18,39
491,Student_491,14,10
492,Student_492,15,33
493,Student_493,12,17
494,Student_494,11,65
495,Student_495,14,39
496,Student_496,13,23
497,Student_497,15,26
498,Student_498,10,36
499,Student_499,18,26
500,Student_500,18,45
501,Student_501,16,3
502,Student_502,14,28
503,Student_503,12,41
504,Student_504,17,60
505,Student_505,16,27
506,Student_506,11,13
507,Student_507,18,7
508,Student_508,17,94
509,Student_509,18,42
510,Student_510,16,58
511,Student_511,15,92
512,Student_512,13,8
513,Student_513,18,88
514,Student_514,17,55
515,Student_515,10,16
516,Student_516,10,41
517,Student_517,13,78
518,Student_518,17,48
519,Student_519,18,99
520,Student_520,11,38
521,Student_521,15,75
522,Student_522,13,39
523,Student_523,18,83
524,Student_524,17,57
525,Student_525,17,6
526,Student_526,14,3
527,Student_527,13,13
528,Student_528,12,1
529,Student_529,10,7
530,Student_530,17,69
531,Student_531,17,53
532,Student_532,18,75
533,Student_533,18,92
534,Student_534,14,59
535,Student_535,16,73
536,Student_536,18,76
537,Student_537,17,38
538,Student_538,12,24
539,Student_539,14,20
540,Student_540,11,25
541,Student_541,18,27
542,Student_542,15,20
543,Student_543,12,88
544,Student_544,16,76
545,Student_545,15,4
546,Student_546,13,27
547,Student_547,11,2
548,Student_548,16,50
549,Student_549,14,48
550,Student_550,16,83
551,Student_551,14,31
552,Student_552,17,82
553,Student_553,14,97
554,Student_554,15,8
555,Student_555,17,79
556,Student_556,13,59
557,Student_557,11,48
558,Student_558,10,42
559,Student_559,16,79
560,Student_560,15,64
561,Student_561,16,81
562,Student_562,11,91
563,Student_563,11,62
564,Student_564,10,99
565,Student_565,13,61
566,Student_566,15,64
567,Student_567,13,56
568,Student_568,13,9
569,Student_569,18,73
570,Student_570,13,55
571,Student_571,14,45
572,Student_572,17,91
573,Student_573,13,30
574,Student_574,15,52
575,Student_575,17,70
576,Student_576,18,80
577,Student_577,11,46
578,Student_578,18,85
579,Student_579,14,77
580,Student_580,12,6
581,Student_581,14,4
582,Student_582,18,62
583,Student_583,14,35
584,Student_584,12,21
585,Student_585,15,58
586,Student_586,12,34
587,Student_587,10,54
588,Student_588,11,46
589,Student_589,11,59
590,Student_590,11,40
591,Student_591,11,70
592,Student_592,15,18
593,Student_593,11,70
594,Student_594,13,41
595,Student_595,18,88
596,Student_596,14,52
597,Student_597,16,98
598,Student_598,11,60
599,Student_599,11,22
600,Student_600,10,83
601,Student_601,11,34
602,Student_602,12,35
603,Student_603,11,3
604,Student_604,10,55
605,Student_605,11,53
606,Student_606,14,35
607,Student_607,11,90
608,Student_608,13,13
609,Student_609,14,33
610,Student_610,16,32
611,Student_611,10,9
612,Student_612,17,48
613,Student_613,15,69
614,Student_614,10,51
615,Student_615,17,15
616,Student_616,18,38
617,Student_617,10,0
618,Student_618,12,87
619,Student_619,17,8
620,Student_620,16,60
621,Student_621,11,99
622,Student_622,11,54
623,Student_623,13,93
624,Student_624,14,23
625,Student_625,15,76
626,Student_626,13,53
627,Student_627,14,72
628,Student_628,16,6
629,Student_629,10,14
630,Student_630,12,13
631,Student_631,16,69
632,Student_632,18,85
633,Student_633,14,75
634,Student_634,14,3
635,Student_635,10,87
636,Student_636,14,35
637,Student_637,14,40
638,Student_638,12,10
639,Student_639,12,74
640,Student_640,13,18
641,Student_641,10,56
642,Student_642,12,84
643,Student_643,11,9
644,Student_644,12,54
645,Student_645,11,23
646,Student_646,18,34
647,Student_647,15,47
648,Student_648,16,35
649,Student_649,17,65
650,Student_650,14,48
651,Student_651,10,59
652,Student_652,14,74
653,Student_653,15,56
654,Student_654,16,59
655,Student_655,13,57
656,Student_656,11,38
657,Student_657,12,34
658,Student_658,13,90
659,Student_659,15,61
660,Student_660,15,24
661,Student_661,13,50
662,Student_662,18,33
663,Student_663,15,94
664,Student_664,12,0
665,Student_665,10,22
666,Student_666,11,36
667,Student_667,12,49
668,Student_668,11,85
669,Student_669,11,8
670,Student_670,12,81
671,Student_671,11,5
672,Student_672,18,85
673,Student_673,10,5
674,Student_674,14,1
675,Student_675,13,70
676,Student_676,18,100
677,Student_677,11,90
678,Student_678,13,58
679,Student_679,18,92
680,Student_680,17,0
681,Student_681,17,98
682,Student_682,12,49
683,Student_683,11,73
684,Student_684,16,82
685,Student_685,18,72
686,Student_686,15,54
687,Student_687,15,48
688,Student_688,12,84
689,Student_689,16,20
690,Student_690,11,97
691,Student_691,12,71
692,Student_692,13,20
693,Student_693,14,74
694,Student_694,12,53
695,Student_695,11,71
696,Student_696,15,77
697,Student_697,12,8
698,Student_698,15,51
699,Student_699,11,94
700,Student_700,14,32
701,Student_701,14,59
702,Student_702,10,37
703,Student_703,13,45
704,Student_704,11,55
705,Student_705,10,55
706,Student_706,18,20
707,Student_707,12,69
708,Student_708,17,8
709,Student_709,12,14
710,Student_710,16,0
711,Student_711,16,11
712,Student_712,15,47
713,Student_713,14,61
714,Student_714,13,80
715,Student_715,13,10
716,Student_716,18,85
717,Student_717,17,75
718,Student_718,18,41
719,Student_719,11,94
720,Student_720,16,100
721,Student_721,18,20
722,Student_722,11,38
723,Student_723,10,93
724,Student_724,16,72
725,Student_725,15,4
726,Student_726,17,78
727,Student_727,11,83
728,Student_728,17,75
729,Student_729,11,80
730,Student_730,11,83
731,Student_731,11,18
732,Student_732,17,23
733,Student_733,15,64
734,Student_734,14,91
735,Student_735,13,31
736,Student_736,17,59
737,Student_737,13,68
738,Student_738,17,45
739,Student_739,13,72
740,Student_740,13,90
741,Student_741,14,63
742,Student_742,12,54
743,Student_743,16,44
744,Student_744,14,58
745,Student_745,12,35
746,Student_746,18,39
747,Student_747,13,53
748,Student_748,14,6
749,Student_749,18,23
750,Student_750,15,54
751,Student_751,11,43
752,Student_752,18,33
753,Student_753,15,73
754,Student_754,13,70
755,Student_755,11,16
756,Student_756,17,88
757,Student_757,15,50
758,Student_758,14,74
759,Student_759,18,57
760,Student_760,17,100
761,Student_761,11,75
762,Student_762,12,71
763,Student_763,12,78
764,Student_764,16,14
765,Student_765,10,20
766,Student_766,15,72
767,Student_767,16,49
768,Student_768,17,76
769,Student_769,13,10
770,Student_770,17,54
771,Student_771,10,38
772,Student_772,17,46
773,Student_773,11,60
774,Student_774,13,50
775,Student_775,17,54
776,Student_776,11,49
777,Student_777,12,41
778,Student_778,16,77
779,Student_779,16,1
780,Student_780,15,60
781,Student_781,16,57
782,Student_782,14,72
783,Student_783,12,60
784,Student_784,13,83
785,Student_785,11,96
786,Student_786,18,34
787,Student_787,15,22
788,Student_788,13,42
789,Student_789,14,29
790,Student_790,18,62
791,Student_791,11,92
792,Student_792,15,14
793,Student_793,14,10
794,Student_794,15,25
795,Student_795,10,73
796,Student_796,17,59
797,Student_797,18,10
798,Student_798,15,92
799,Student_799,16,79
800,Student_800,18,2
801,Student_801,16,65
802,Student_802,11,77
803,Student_803,15,37
804,Student_804,15,6
805,Student_805,13,7
806,Student_806,16,10
807,Student_807,18,84
808,Student_808,18,91
809,Student_809,14,12
810,Student_810,11,23
811,Student_811,18,16
812,Student_812,17,18
813,Student_813,11,84
814,Student_814,18,33
815,Student_815,17,31
816,Student_816,14,22
817,Student_817,15,61
818,Student_818,13,38
819,Student_819,10,75
820,Student_820,13,20
821,Student_821,17,79
822,Student_822,10,60
823,Student_823,13,11
824,Student_824,13,41
825,Student_825,14,87
826,Student_826,18,93
827,Student_827,13,47
828,Student_828,13,48
829,Student_829,16,92
830,Student_830,14,59
831,Student_831,12,3
832,Student_832,14,92
833,Student_833,11,25
834,Student_834,11,58
835,Student_835,14,16
836,Student_836,13,3
837,Student_837,18,31
838,Student_838,13,78
839,Student_839,15,28
840,Student_840,15,22
841,Student_841,10,21
842,Student_842,15,52
843,Student_843,11,98
844,Student_844,18,46
845,Student_845,11,56
846,Student_846,13,86
847,Student_847,10,54
848,Student_848,18,18
849,Student_849,14,30
850,Student_850,15,31
851,Student_851,10,40
852,Student_852,16,43
853,Student_853,11,80
854,Student_854,18,35
855,Student_855,11,47
856,Student_856,11,63
857,Student_857,10,38
858,Student_858,14,84
859,Student_859,15,59
860,Student_860,10,29
861,Student_861,16,72
862,Student_862,14,53
863,Student_863,14,53
864,Student_864,13,48
865,Student_865,13,50
866,Student_866,15,77
867,Student_867,11,10
868,Student_868,11,33
869,Student_869,17,7
870,Student_870,18,76
871,Student_871,13,27
872,Student_872,12,90
873,Student_873,15,53
874,Student_874,13,80
875,Student_875,10,98
876,Student_876,11,84
877,Student_877,16,87
878,Student_878,15,41
879,Student_879,10,55
880,Student_880,11,25
881,Student_881,12,19
882,Student_882,16,51
883,Student_883,10,60
884,Student_884,10,34
885,Student_885,17,57
886,Student_886,11,89
887,Student_887,15,56
888,Student_888,12,72
889,Student_889,10,81
890,Student_890,12,99
891,Student_891,16,60
892,Student_892,17,81
893,Student_893,17,97
894,Student_894,13,95
895,Student_895,16,14
896,Student_896,11,41
897,Student_897,12,32
898,Student_898,18,8
899,Student_899,10,63
900,Student_900,10,74
901,Student_901,11,85
902,Student_902,10,12
903,Student_903,11,88
904,Student_904,15,64
905,Student_905,13,71
906,Student_906,18,91
907,Student_907,17,63
908,Student_908,13,33
909,Student_909,12,83
910,Student_910,13,36
911,Student_911,15,3
912,Student_912,12,83
913,Student_913,15,34
914,Student_914,13,78
915,Student_915,14,36
916,Student_916,13,86
917,Student_917,12,22
918,Student_918,18,98
919,Student_919,16,78
920,Student_920,11,11
921,Student_921,17,57
922,Student_922,14,99
923,Student_923,18,47
924,Student_924,17,18
925,Student_925,13,48
926,Student_926,10,51
927,Student_927,12,74
928,Student_928,14,70
929,Student_929,15,40
930,Student_930,12,22
931,Student_931,11,65
932,Student_932,17,42
933,Student_933,18,13
934,Student_934,14,90
935,Student_935,11,69
936,Student_936,12,69
937,Student_937,10,83
938,Student_938,18,53
939,Student_939,11,82
940,Student_940,15,50
941,Student_941,12,6
942,Student_942,14,40
943,Student_943,15,50
944,Student_944,17,72
945,Student_945,11,10
946,Student_946,10,14
947,Student_947,11,26
948,Student_948,18,26
949,Student_949,17,73
950,Student_950,15,25
951,Student_951,15,63
952,Student_952,15,49
953,Student_953,11,57
954,Student_954,18,84
955,Student_955,13,40
956,Student_956,13,77
957,Student_957,14,42
958,Student_958,10,35
959,Student_959,11,96
960,Student_960,16,18
961,Student_961,10,9
962,Student_962,15,77
963,Student_963,12,6
964,Student_964,13,84
965,Student_965,12,44
966,Student_966,13,92
967,Student_967,16,72
968,Student_968,12,61
969,Student_969,15,95
970,Student_970,14,40
971,Student_971,15,96
972,Student_972,18,13
973,Student_973,16,48
974,Student_974,11,27
975,Student_975,10,54
976,Student_976,12,16
977,Student_977,15,84
978,Student_978,10,85
979,Student_979,14,96
980,Student_980,15,15
981,Student_981,13,62
982,Student_982,16,47
983,Student_983,10,34
984,Student_984,10,35
985,Student_985,16,41
986,Student_986,14,71
987,Student_987,16,60
988,Student_988,13,46
989,Student_989,12,7
990,Student_990,17,7
991,Student_991,17,0
992,Student_992,16,97
993,Student_993,12,0
994,Student_994,15,10
995,Student_995,13,31
996,Student_996,10,81
997,Student_997,18,97
998,Student_998,11,79
999,Student_999,18,69
1000,Student_1000,14,52
1001,Student_1001,11,8
1002,Student_1002,14,96
1003,Student_1003,17,76
1004,Student_1004,16,64
1005,Student_1005,17,76
1006,Student_1006,15,73
1007,Student_1007,16,64
1008,Student_1008,17,99
1009,Student_1009,12,91
1010,Student_1010,14,65
1011,Student_1011,11,70
1012,Student_1012,18,5
1013,Student_1013,18,67
1014,Student_1014,10,4
1015,Student_1015,16,59
1016,Student_1016,18,100
1017,Student_1017,11,56
1018,Student_1018,15,47
1019,Student_1019,18,31
1020,Student_1020,10,12
1021,Student_1021,16,73
1022,Student_1022,12,19
1023,Student_1023,18,11
1024,Student_1024,18,42
1025,Student_1025,18,80
1026,Student_1026,14,75
1027,Student_1027,17,5
1028,Student_1028,17,45
1029,Student_1029,12,52
1030,Student_1030,17,65
1031,Student_1031,10,65
1032,Student_1032,15,36
1033,Student_1033,12,56
1034,Student_1034,11,48
1035,Student_1035,10,89
1036,Student_1036,16,53
1037,Student_1037,13,44
1038,Student_1038,16,40
1039,Student_1039,10,57
1040,Student_1040,12,81
1041,Student_1041,14,54
1042,Student_1042,17,66
1043,Student_1043,12,74
1044,Student_1044,15,52
1045,Student_1045,17,43
1046,Student_1046,15,88
1047,Student_1047,12,42
1048,Student_1048,10,46
1049,Student_1049,17,100
1050,Student_1050,10,0
1051,Student_1051,17,18
1052,Student_1052,14,38
1053,Student_1053,18,94
1054,Student_1054,17,7
1055,Student_1055,18,0
1056,Student_1056,13,5
1057,Student_1057,16,8
1058,Student_1058,13,3
1059,Student_1059,14,48
1060,Student_1060,15,58
1061,Student_1061,17,27
1062,Student_1062,18,40
1063,Student_1063,16,9
1064,Student_1064,13,33
1065,Student_1065,13,52
1066,Student_1066,16,73
1067,Student_1067,12,0
1068,Student_1068,10,47
1069,Student_1069,13,29
1070,Student_1070,12,86
1071,Student_1071,12,72
1072,Student_1072,12,59
1073,Student_1073,10,28
1074,Student_1074,10,91
1075,Student_1075,18,4
1076,Student_1076,13,11
1077,Student_1077,13,39
1078,Student_1078,16,12
1079,Student_1079,11,96
1080,Student_1080,18,80
1081,Student_1081,17,26
1082,Student_1082,10,59
1083,Student_1083,13,99
1084,Student_1084,17,89
1085,Student_1085,18,60
1086,Student_1086,14,91
1087,Student_1087,15,99
1088,Student_1088,11,75
1089,Student_1089,18,6
1090,Student_1090,12,40
1091,Student_1091,18,84
1092,Student_1092,15,23
1093,Student_1093,15,83
1094,Student_1094,14,12
1095,Student_1095,12,4
1096,Student_1096,11,38
1097,Student_1097,11,3
1098,Student_1098,11,96
1099,Student_1099,17,83
1100,Student_1100,13,80
1101,Student_1101,10,63
1102,Student_1102,18,21
1103,Student_1103,17,52
1104,Student_1104,18,60
1105,Student_1105,18,53
1106,Student_1106,11,26
1107,Student_1107,13,52
1108,Student_1108,16,49
1109,Student_1109,16,100
1110,Student_1110,11,90
1111,Student_1111,17,46
1112,Student_1112,12,62
1113,Student_1113,12,75
1114,Student_1114,14,3
1115,Student_1115,15,90
1116,Student_1116,15,86
1117,Student_1117,10,46
1118,Student_1118,17,39
1119,Student_1119,12,27
1120,Student_1120,11,48
1121,Student_1121,17,4
1122,Student_1122,18,86
1123,Student_1123,17,3
1124,Student_1124,17,33
1125,Student_1125,15,94
1126,Student_1126,14,74
1127,Student_1127,10,28
1128,Student_1128,13,25
1129,Student_1129,13,0
1130,Student_1130,12,70
1131,Student_1131,16,4
1132,Student_1132,14,53
1133,Student_1133,10,97
1134,Student_1134,11,11
1135,Student_1135,16,90
1136,Student_1136,10,100
1137,Student_1137,17,6
1138,Student_1138,14,89
1139,Student_1139,14,52
1140,Student_1140,15,91
1141,Student_1141,17,57
1142,Student_1142,13,66
1143,Student_1143,16,54
1144,Student_1144,15,87
1145,Student_1145,12,74
1146,Student_1146,17,52
1147,Student_1147,17,87
1148,Student_1148,15,24
1149,Student_1149,17,15
1150,Student_1150,17,16
1151,Student_1151,16,33
1152,Student_1152,17,24
1153,Student_1153,16,93
1154,Student_1154,16,10
1155,Student_1155,15,70
1156,Student_1156,16,19
1157,Student_1157,11,89
1158,Student_1158,17,97
1159,Student_1159,17,47
1160,Student_1160,10,88
1161,Student_1161,17,0
1162,Student_1162,11,82
1163,Student_1163,13,23
1164,Student_1164,16,91
1165,Student_1165,11,0
1166,Student_1166,17,56
1167,Student_1167,17,76
1168,Student_1168,14,26
1169,Student_1169,10,19
1170,Student_1170,12,8
1171,Student_1171,15,32
1172,Student_1172,18,56
1173,Student_1173,15,11
1174,Student_1174,12,38
1175,Student_1175,15,0
1176,Student_1176,14,82
1177,Student_1177,17,12
1178,Student_1178,10,28
1179,Student_1179,16,1
1180,Student_1180,14,43
1181,Student_1181,18,84
1182,Student_1182,13,39
1183,Student_1183,15,18
1184,Student_1184,18,76
1185,Student_1185,10,79
1186,Student_1186,18,17
1187,Student_1187,16,77
1188,Student_1188,10,95
1189,Student_1189,12,16
1190,Student_1190,16,77
1191,Student_1191,10,71
1192,Student_1192,15,47
1193,Student_1193,13,5
1194,Student_1194,15,7
1195,Student_1195,10,86
1196,Student_1196,17,100
1197,Student_1197,18,68
1198,Student_1198,18,45
1199,Student_1199,16,65
1200,Student_1200,11,60
1201,Student_1201,16,38
1202,Student_1202,10,6
1203,Student_1203,10,82
1204,Student_1204,12,37
1205,Student_1205,14,82
1206,Student_1206,16,25
1207,Student_1207,16,0
1208,Student_1208,14,16
1209,Student_1209,12,47
1210,Student_1210,18,95
1211,Student_1211,13,10
1212,Student_1212,14,86
1213,Student_1213,11,53
1214,Student_1214,17,83
1215,Student_1215,16,30
1216,Student_1216,11,84
1217,Student_1217,10,78
1218,Student_1218,16,23
1219,Student_1219,15,13
1220,Student_1220,12,87
1221,Student_1221,18,97
1222,Student_1222,11,3
1223,Student_1223,13,73
1224,Student_1224,18,91
1225,Student_1225,13,86
1226,Student_1226,15,97
1227,Student_1227,13,76
1228,Student_1228,12,44
1229,Student_1229,18,31
1230,Student_1230,13,32
1231,Student_1231,18,73
1232,Student_1232,12,75
1233,Student_1233,11,20
1234,Student_1234,10,87
1235,Student_1235,15,72
1236,Student_1236,13,56
1237,Student_1237,17,47
1238,Student_1238,14,54
1239,Student_1239,18,16
1240,Student_1240,11,20
1241,Student_1241,17,9
1242,Student_1242,16,15
1243,Student_1243,16,45
1244,Student_1244,17,53
1245,Student_1245,16,1
1246,Student_1246,15,80
1247,Student_1247,11,29
1248,Student_1248,10,92
1249,Student_1249,18,97
1250,Student_1250,15,18
1251,Student_1251,17,46
1252,Student_1252,14,0
1253,Student_1253,11,60
1254,Student_1254,11,61
1255,Student_1255,16,25
1256,Student_1256,13,56
1257,Student_1257,11,22
1258,Student_1258,14,16
1259,Student_1259,10,65
1260,Student_1260,15,32
1261,Student_1261,12,59
1262,Student_1262,17,43
1263,Student_1263,12,99
1264,Student_1264,14,15
1265,Student_1265,10,46
1266,Student_1266,10,68
1267,Student_1267,13,39
1268,Student_1268,14,98
1269,Student_1269,15,72
1270,Student_1270,12,66
1271,Student_1271,16,76
1272,Student_1272,17,96
1273,Student_1273,17,91
1274,Student_1274,10,73
1275,Student_1275,14,75
1276,Student_1276,10,14
1277,Student_1277,12,10
1278,Student_1278,18,57
1279,Student_1279,11,1
1280,Student_1280,14,48
1281,Student_1281,15,21
1282,Student_1282,16,34
1283,Student_1283,15,78
1284,Student_1284,10,95
1285,Student_1285,12,7
1286,Student_1286,14,53
1287,Student_1287,10,89
1288,Student_1288,13,8
1289,Student_1289,10,83
1290,Student_1290,10,36
1291,Student_1291,13,32
1292,Student_1292,11,98
1293,Student_1293,15,20
1294,Student_1294,16,70
1295,Student_1295,17,82
1296,Student_1296,11,4
1297,Student_1297,11,67
1298,Student_1298,10,96
1299,Student_1299,15,12
1300,Student_1300,16,90
1301,Student_1301,10,60
1302,Student_1302,18,62
1303,Student_1303,10,61
1304,Student_1304,14,30
1305,Student_1305,16,94
1306,Student_1306,17,95
1307,Student_1307,16,63
1308,Student_1308,17,79
1309,Student_1309,13,61
1310,Student_1310,17,48
1311,Student_1311,10,66
1312,Student_1312,18,55
1313,Student_1313,14,60
1314,Student_1314,17,79
1315,Student_1315,14,48
1316,Student_1316,15,4
1317,Student_1317,14,16
1318,Student_1318,16,44
1319,Student_1319,10,73
1320,Student_1320,10,59
1321,Student_1321,12,65
1322,Student_1322,11,48
1323,Student_1323,17,62
1324,Student_1324,11,33
1325,Student_1325,18,47
1326,Student_1326,13,75
1327,Student_1327,11,88
1328,Student_1328,17,43
1329,Student_1329,15,4
1330,Student_1330,14,16
1331,Student_1331,14,2
1332,Student_1332,16,65
1333,Student_1333,12,33
1334,Student_1334,18,54
1335,Student_1335,18,49
1336,Student_1336,15,8
1337,Student_1337,11,40
1338,Student_1338,16,22
1339,Student_1339,10,42
1340,Student_1340,10,20
1341,Student_1341,12,84
1342,Student_1342,14,17
1343,Student_1343,17,97
1344,Student_1344,16,42
1345,Student_1345,16,85
1346,Student_1346,13,63
1347,Student_1347,13,74
1348,Student_1348,13,77
1349,Student_1349,18,50
1350,Student_1350,10,54
1351,Student_1351,17,51
1352,Student_1352,15,59
1353,Student_1353,13,2
1354,Student_1354,16,39
1355,Student_1355,14,61
1356,Student_1356,17,60
1357,Student_1357,18,80
1358,Student_1358,13,66
1359,Student_1359,12,100
1360,Student_1360,15,28
1361,Student_1361,18,36
1362,Student_1362,11,38
1363,Student_1363,15,47
1364,Student_1364,15,84
1365,Student_1365,16,23
1366,Student_1366,11,78
1367,Student_1367,16,40
1368,Student_1368,18,60
1369,Student_1369,11,63
1370,Student_1370,12,37
1371,Student_1371,18,51
1372,Student_1372,11,41
1373,Student_1373,17,6
1374,Student_1374,14,44
1375,Student_1375,12,9
1376,Student_1376,17,40
1377,Student_1377,14,59
1378,Student_1378,14,58
1379,Student_1379,13,66
1380,Student_1380,15,9
1381,Student_1381,11,65
1382,Student_1382,13,31
1383,Student_1383,18,40
1384,Student_1384,12,86
1385,Student_1385,15,0
1386,Student_1386,12,59
1387,Student_1387,16,60
1388,Student_1388,11,40
1389,Student_1389,18,23
1390,Student_1390,14,23
1391,Student_1391,12,89
1392,Student_1392,10,44
1393,Student_1393,11,33
1394,Student_1394,14,45
1395,Student_1395,13,67
1396,Student_1396,17,14
1397,Student_1397,13,45
1398,Student_1398,12,59
1399,Student_1399,15,95
1400,Student_1400,16,25
1401,Student_1401,11,36
1402,Student_1402,11,38
1403,Student_1403,10,61
1404,Student_1404,16,36
1405,Student_1405,15,53
1406,Student_1406,14,78
1407,Student_1407,17,71
1408,Student_1408,17,45
1409,Student_1409,15,87
1410,Student_1410,17,56
1411,Student_1411,11,54
1412,Student_1412,11,3
1413,Student_1413,12,99
1414,Student_1414,10,12
1415,Student_1415,14,23
1416,Student_1416,18,5
1417,Student_1417,10,64
1418,Student_1418,11,22
1419,Student_1419,14,18
1420,Student_1420,18,8
1421,Student_1421,12,10
1422,Student_1422,14,59
1423,Student_1423,10,69
1424,Student_1424,11,40
1425,Student_1425,18,48
1426,Student_1426,18,69
1427,Student_1427,10,1
1428,Student_1428,18,32
1429,Student_1429,15,98
1430,Student_1430,17,58
1431,Student_1431,14,25
1432,Student_1432,14,52
1433,Student_1433,14,34
1434,Student_1434,16,53
1435,Student_1435,11,12
1436,Student_1436,10,13
1437,Student_1437,12,14
1438,Student_1438,16,94
1439,Student_1439,11,74
1440,Student_1440,16,16
1441,Student_1441,18,19
1442,Student_1442,10,73
1443,Student_1443,16,15
1444,Student_1444,13,23
1445,Student_1445,17,97
1446,Student_1446,11,25
1447,Student_1447,16,66
1448,Student_1448,17,98
1449,Student_1449,18,37
1450,Student_1450,16,1
1451,Student_1451,14,24
1452,Student_1452,15,83
1453,Student_1453,17,87
1454,Student_1454,15,77
1455,Student_1455,10,11
1456,Student_1456,18,80
1457,Student_1457,16,92
1458,Student_1458,16,60
1459,Student_1459,11,95
1460,Student_1460,15,83
1461,Student_1461,13,67
1462,Student_1462,15,58
1463,Student_1463,10,35
1464,Student_1464,15,16
1465,Student_1465,18,61
1466,Student_1466,10,32
1467,Student_1467,18,87
1468,Student_1468,13,100
1469,Student_1469,17,75
1470,Student_1470,17,9
1471,Student_1471,15,29
1472,Student_1472,16,11
1473,Student_1473,17,65
1474,Student_1474,13,77
1475,Student_1475,12,93
1476,Student_1476,16,44
1477,Student_1477,17,91
1478,Student_1478,16,88
1479,Student_1479,17,32
1480,Student_1480,13,87
1481,Student_1481,17,37
1482,Student_1482,11,29
1483,Student_1483,14,65
1484,Student_1484,10,33
1485,Student_1485,12,63
1486,Student_1486,13,61
1487,Student_1487,13,56
1488,Student_1488,16,38
1489,Student_1489,13,55
1490,Student_1490,14,60
1491,Student_1491,12,55
1492,Student_1492,13,44
1493,Student_1493,12,1
1494,Student_1494,10,59
1495,Student_1495,15,17
1496,Student_1496,16,64
1497,Student_1497,15,76
1498,Student_1498,14,50
1499,Student_1499,13,54
1500,Student_1500,17,96
1501,Student_1501,14,85
1502,Student_1502,14,92
1503,Student_1503,10,82
1504,Student_1504,13,11
1505,Student_1505,13,15
1506,Student_1506,13,53
1507,Student_1507,15,24
1508,Student_1508,14,48
1509,Student_1509,15,39
1510,Student_1510,16,55
1511,Student_1511,17,75
1512,Student_1512,16,72
1513,Student_1513,18,52
1514,Student_1514,10,83
1515,Student_1515,11,43
1516,Student_1516,10,90
1517,Student_1517,15,7
1518,Student_1518,18,96
1519,Student_1519,12,66
1520,Student_1520,18,38
1521,Student_1521,10,19
1522,Student_1522,18,48
1523,Student_1523,13,19
1524,Student_1524,10,16
1525,Student_1525,14,62
1526,Student_1526,12,52
1527,Student_1527,12,67
1528,Student_1528,12,93
1529,Student_1529,17,53
1530,Student_1530,14,58
1531,Student_1531,12,9
1532,Student_1532,15,72
1533,Student_1533,16,40
1534,Student_1534,12,98
1535,Student_1535,13,83
1536,Student_1536,11,52
1537,Student_1537,11,12
1538,Student_1538,16,86
1539,Student_1539,11,80
1540,Student_1540,14,18
1541,Student_1541,16,29
1542,Student_1542,10,80
1543,Student_1543,15,18
1544,Student_1544,12,92
1545,Student_1545,18,42
1546,Student_1546,14,8
1547,Student_1547,17,82
1548,Student_1548,14,37
1549,Student_1549,10,53
1550,Student_1550,15,11
1551,Student_1551,18,0
1552,Student_1552,15,64
1553,Student_1553,17,52
1554,Student_1554,17,59
1555,Student_1555,12,80
1556,Student_1556,11,65
1557,Student_1557,15,17
1558,Student_1558,13,36
1559,Student_1559,17,91
1560,Student_1560,18,77
1561,Student_1561,13,56
1562,Student_1562,12,25
1563,Student_1563,17,30
1564,Student_1564,12,73
1565,Student_1565,17,85
1566,Student_1566,13,67
1567,Student_1567,16,81
1568,Student_1568,10,77
1569,Student_1569,15,15
1570,Student_1570,14,42
1571,Student_1571,15,15
1572,Student_1572,11,23
1573,Student_1573,16,87
1574,Student_1574,17,47
1575,Student_1575,11,54
1576,Student_1576,10,18
1577,Student_1577,10,31
1578,Student_1578,15,23
1579,Student_1579,15,20
1580,Student_1580,14,64
1581,Student_1581,12,25
1582,Student_1582,13,63
1583,Student_1583,15,5
1584,Student_1584,14,14
1585,Student_1585,18,27
1586,Student_1586,11,60
1587,Student_1587,16,68
1588,Student_1588,13,44
1589,Student_1589,13,45
1590,Student_1590,16,73
1591,Student_1591,16,1
1592,Student_1592,18,34
1593,Student_1593,11,82
1594,Student_1594,10,60
1595,Student_1595,16,34
1596,Student_1596,15,91
1597,Student_1597,12,78
1598,Student_1598,10,26
1599,Student_1599,10,65
1600,Student_1600,18,60
1601,Student_1601,11,40
1602,Student_1602,12,37
1603,Student_1603,12,34
1604,Student_1604,13,62
1605,Student_1605,10,44
1606,Student_1606,14,84
1607,Student_1607,10,67
1608,Student_1608,17,7
1609,Student_1609,12,64
1610,Student_1610,14,27
1611,Student_1611,17,59
1612,Student_1612,15,68
1613,Student_1613,14,23
1614,Student_1614,12,46
1615,Student_1615,12,19
1616,Student_1616,16,5
1617,Student_1617,18,38
1618,Student_1618,15,36
1619,Student_1619,15,100
1620,Student_1620,16,45
1621,Student_1621,14,33
1622,Student_1622,10,58
1623,Student_1623,15,8
1624,Student_1624,18,97
1625,Student_1625,11,64
1626,Student_1626,16,76
1627,Student_1627,11,17
1628,Student_1628,14,41
1629,Student_1629,10,42
1630,Student_1630,14,83
1631,Student_1631,16,0
1632,Student_1632,13,30
1633,Student_1633,15,99
1634,Student_1634,17,47
1635,Student_1635,18,38
1636,Student_1636,12,12
1637,Student_1637,13,98
1638,Student_1638,11,2
1639,Student_1639,18,74
1640,Student_1640,18,77
1641,Student_1641,14,24
1642,Student_1642,17,67
1643,Student_1643,14,9
1644,Student_1644,15,25
1645,Student_1645,10,79
1646,Student_1646,16,87
1647,Student_1647,11,61
1648,Student_1648,17,51
1649,Student_1649,17,16
1650,Student_1650,16,6
1651,Student_1651,10,11
1652,Student_1652,12,22
1653,Student_1653,12,34
1654,Student_1654,13,38
1655,Student_1655,10,34
1656,Student_1656,18,24
1657,Student_1657,14,51
1658,Student_1658,12,83
1659,Student_1659,13,28
1660,Student_1660,14,95
1661,Student_1661,15,88
1662,Student_1662,14,16
1663,Student_1663,18,79
1664,Student_1664,14,58
1665,Student_1665,18,57
1666,Student_1666,17,39
1667,Student_1667,11,50
1668,Student_1668,18,40
1669,Student_1669,11,54
1670,Student_1670,17,63
1671,Student_1671,13,68
1672,Student_1672,17,53
1673,Student_1673,17,72
1674,Student_1674,17,14
1675,Student_1675,17,21
1676,Student_1676,12,82
1677,Student_1677,10,32
1678,Student_1678,13,2
1679,Student_1679,11,15
1680,Student_1680,16,22
1681,Student_1681,13,96
1682,Student_1682,18,57
1683,Student_1683,15,94
1684,Student_1684,17,58
1685,Student_1685,11,48
1686,Student_1686,17,31
1687,Student_1687,18,61
1688,Student_1688,14,14
1689,Student_1689,15,90
1690,Student_1690,16,83
1691,Student_1691,11,32
1692,Student_1692,14,96
1693,Student_1693,13,83
1694,Student_1694,11,67
1695,Student_1695,13,12
1696,Student_1696,10,48
1697,Student_1697,10,51
1698,Student_1698,11,23
1699,Student_1699,18,8
1700,Student_1700,14,78
1701,Student_1701,18,12
1702,Student_1702,13,60
1703,Student_1703,12,94
1704,Student_1704,14,88
1705,Student_1705,13,28
1706,Student_1706,10,85
1707,Student_1707,15,0
1708,Student_1708,11,1
1709,Student_1709,15,60
1710,Student_1710,15,36
1711,Student_1711,11,39
1712,Student_1712,10,57
1713,Student_1713,17,19
1714,Student_1714,14,21
1715,Student_1715,10,48
1716,Student_1716,18,76
1717,Student_1717,10,62
1718,Student_1718,16,30
1719,Student_1719,18,43
1720,Student_1720,12,17
1721,Student_1721,11,7
1722,Student_1722,11,79
1723,Student_1723,12,26
1724,Student_1724,10,17
1725,Student_1725,16,69
1726,Student_1726,10,62
1727,Student_1727,14,63
1728,Student_1728,18,23
1729,Student_1729,17,23
1730,Student_1730,15,22
1731,Student_1731,12,17
1732,Student_1732,15,66
1733,Student_1733,14,85
1734,Student_1734,13,73
1735,Student_1735,11,80
1736,Student_1736,17,40
1737,Student_1737,14,66
1738,Student_1738,11,35
1739,Student_1739,13,53
1740,Student_1740,13,48
1741,Student_1741,17,17
1742,Student_1742,16,39
1743,Student_1743,16,97
1744,Student_1744,10,25
1745,Student_1745,13,13
1746,Student_1746,14,42
1747,Student_1747,10,79
1748,Student_1748,12,58
1749,Student_1749,16,68
1750,Student_1750,11,19
1751,Student_1751,14,62
1752,Student_1752,11,32
1753,Student_1753,10,84
1754,Student_1754,12,63
1755,Student_1755,18,20
1756,Student_1756,17,6
1757,Student_1757,18,4
1758,Student_1758,14,37
1759,Student_1759,10,26
1760,Student_1760,14,65
1761,Student_1761,14,50
1762,Student_1762,17,26
1763,Student_1763,10,15
1764,Student_1764,14,12
1765,Student_1765,11,87
1766,Student_1766,12,24
1767,Student_1767,16,65
1768,Student_1768,14,81
1769,Student_1769,13,62
1770,Student_1770,13,86
1771,Student_1771,14,39
1772,Student_1772,17,96
1773,Student_1773,18,13
1774,Student_1774,18,10
1775,Student_1775,17,66
1776,Student_1776,12,95
1777,Student_1777,16,81
1778,Student_1778,13,7
1779,Student_1779,12,28
1780,Student_1780,17,93
1781,Student_1781,10,25
1782,Student_1782,18,78
1783,Student_1783,14,83
1784,Student_1784,15,50
1785,Student_1785,15,39
1786,Student_1786,18,45
1787,Student_1787,15,22
1788,Student_1788,15,89
1789,Student_1789,10,45
1790,Student_1790,14,89
1791,Student_1791,11,10
1792,Student_1792,16,99
1793,Student_1793,14,44
1794,Student_1794,16,4
1795,Student_1795,10,3
1796,Student_1796,10,75
1797,Student_1797,16,66
1798,Student_1798,10,81
1799,Student_1799,10,10
1800,Student_1800,10,3
1801,Student_1801,18,51
1802,Student_1802,16,39
1803,Student_1803,13,46
1804,Student_1804,12,100
1805,Student_1805,13,98
1806,Student_1806,16,95
1807,Student_1807,15,79
1808,Student_1808,11,35
1809,Student_1809,11,41
1810,Student_1810,10,55
1811,Student_1811,15,83
1812,Student_1812,16,6
1813,Student_1813,12,42
1814,Student_1814,10,8
1815,Student_1815,10,51
1816,Student_1816,18,90
1817,Student_1817,12,79
1818,Student_1818,16,23
1819,Student_1819,15,98
1820,Student_1820,13,67
1821,Student_1821,11,1
1822,Student_1822,11,25
1823,Student_1823,15,26
1824,Student_1824,16,6
1825,Student_1825,15,96
1826,Student_1826,14,48
1827,Student_1827,10,90
1828,Student_1828,18,32
1829,Student_1829,17,12
1830,Student_1830,12,47
1831,Student_1831,18,11
1832,Student_1832,15,49
1833,Student_1833,15,92
1834,Student_1834,16,52
1835,Student_1835,17,62
1836,Student_1836,15,15
1837,Student_1837,11,4
1838,Student_1838,13,11
1839,Student_1839,18,60
1840,Student_1840,12,9
1841,Student_1841,13,37
1842,Student_1842,13,55
1843,Student_1843,13,39
1844,Student_1844,15,16
1845,Student_1845,18,27
1846,Student_1846,12,93
1847,Student_1847,11,68
1848,Student_1848,11,50
1849,Student_1849,17,1
1850,Student_1850,15,100
1851,Student_1851,12,67
1852,Student_1852,17,32
1853,Student_1853,17,88
1854,Student_1854,17,26
1855,Student_1855,18,54
1856,Student_1856,12,64
1857,Student_1857,16,22
1858,Student_1858,14,98
1859,Student_1859,17,75
1860,Student_1860,16,56
1861,Student_1861,16,18
1862,Student_1862,15,5
1863,Student_1863,11,32
1864,Student_1864,14,76
1865,Student_1865,18,27
1866,Student_1866,18,54
1867,Student_1867,10,73
1868,Student_1868,11,10
1869,Student_1869,11,69
1870,Student_1870,16,9
1871,Student_1871,17,97
1872,Student_1872,11,49
1873,Student_1873,14,15
1874,Student_1874,17,34
1875,Student_1875,16,41
1876,Student_1876,14,76
1877,Student_1877,15,75
1878,Student_1878,14,61
1879,Student_1879,12,10
1880,Student_1880,15,15
1881,Student_1881,16,9
1882,Student_1882,17,58
1883,Student_1883,15,88
1884,Student_1884,16,43
1885,Student_1885,11,16
1886,Student_1886,14,56
1887,Student_1887,10,81
1888,Student_1888,12,74
1889,Student_1889,16,89
1890,Student_1890,18,28
1891,Student_1891,10,19
1892,Student_1892,13,88
1893,Student_1893,17,66
1894,Student_1894,11,31
1895,Student_1895,14,74
1896,Student_1896,16,82
1897,Student_1897,15,62
1898,Student_1898,11,69
1899,Student_1899,13,37
1900,Student_1900,17,54
1901,Student_1901,14,52
1902,Student_1902,10,85
1903,Student_1903,16,84
1904,Student_1904,10,84
1905,Student_1905,16,1
1906,Student_1906,11,75
1907,Student_1907,18,76
1908,Student_1908,13,68
1909,Student_1909,12,76
1910,Student_1910,11,85
1911,Student_1911,12,47
1912,Student_1912,17,50
1913,Student_1913,18,12
1914,Student_1914,13,38
1915,Student_1915,14,64
1916,Student_1916,16,78
1917,Student_1917,17,21
1918,Student_1918,15,13
1919,Student_1919,13,66
1920,Student_1920,13,0
1921,Student_1921,16,18
1922,Student_1922,10,2
1923,Student_1923,15,16
1924,Student_1924,13,18
1925,Student_1925,17,39
1926,Student_1926,10,40
1927,Student_1927,15,88
1928,Student_1928,14,51
1929,Student_1929,15,73
1930,Student_1930,10,10
1931,Student_1931,15,22
1932,Student_1932,15,70
1933,Student_1933,15,5
1934,Student_1934,15,49
1935,Student_1935,16,60
1936,Student_1936,17,60
1937,Student_1937,12,2
1938,Student_1938,17,32
1939,Student_1939,14,64
1940,Student_1940,10,15
1941,Student_1941,10,70
1942,Student_1942,13,75
1943,Student_1943,17,99
1944,Student_1944,16,21
1945,Student_1945,17,83
1946,Student_1946,14,52
1947,Student_1947,13,37
1948,Student_1948,11,12
1949,Student_1949,12,74
1950,Student_1950,13,23
1951,Student_1951,10,37
1952,Student_1952,11,6
1953,Student_1953,15,80
1954,Student_1954,16,77
1955,Student_1955,18,74
1956,Student_1956,18,30
1957,Student_1957,15,17
1958,Student_1958,13,64
1959,Student_1959,15,50
1960,Student_1960,17,18
1961,Student_1961,11,69
1962,Student_1962,13,100
1963,Student_1963,17,75
1964,Student_1964,13,74
1965,Student_1965,15,95
1966,Student_1966,15,20
1967,Student_1967,11,57
1968,Student_1968,13,98
1969,Student_1969,13,16
1970,Student_1970,10,70
1971,Student_1971,10,59
1972,Student_1972,17,59
1973,Student_1973,12,70
1974,Student_1974,14,93
1975,Student_1975,12,79
1976,Student_1976,18,5
1977,Student_1977,12,86
1978,Student_1978,13,22
1979,Student_1979,17,38
1980,Student_1980,17,46
1981,Student_1981,11,48
1982,Student_1982,17,43
1983,Student_1983,14,94
1984,Student_1984,14,71
1985,Student_1985,11,63
1986,Student_1986,10,5
1987,Student_1987,16,91
1988,Student_1988,14,91
1989,Student_1989,13,78
1990,Student_1990,16,0
1991,Student_1991,16,5
1992,Student_1992,11,22
1993,Student_1993,15,13
1994,Student_1994,11,40
1995,Student_1995,16,93
1996,Student_1996,15,47
1997,Student_1997,18,1
1998,Student_1998,10,28
1999,Student_1999,10,4
2000,Student_2000,12,3
2001,Student_2001,12,27
2002,Student_2002,12,27
2003,Student_2003,18,79
2004,Student_2004,12,98
2005,Student_2005,12,37
2006,Student_2006,16,43
2007,Student_2007,14,85
2008,Student_2008,16,27
2009,Student_2009,10,15
2010,Student_2010,14,86
2011,Student_2011,10,4
2012,Student_2012,10,62
2013,Student_2013,18,56
2014,Student_2014,11,34
2015,Student_2015,14,31
2016,Student_2016,13,77
2017,Student_2017,13,8
2018,Student_2018,18,23
2019,Student_2019,10,73
2020,Student_2020,15,55
2021,Student_2021,18,12
2022,Student_2022,15,89
2023,Student_2023,18,39
2024,Student_2024,10,83
2025,Student_2025,13,79
2026,Student_2026,12,63
2027,Student_2027,16,49
2028,Student_2028,18,98
2029,Student_2029,12,14
2030,Student_2030,15,73
2031,Student_2031,11,19
2032,Student_2032,15,34
2033,Student_2033,14,31
2034,Student_2034,18,95
2035,Student_2035,15,97
2036,Student_2036,13,18
2037,Student_2037,11,2
2038,Student_2038,11,72
2039,Student_2039,12,42
2040,Student_2040,12,8
2041,Student_2041,17,69
2042,Student_2042,15,55
2043,Student_2043,14,99
2044,Student_2044,11,22
2045,Student_2045,17,40
2046,Student_2046,16,54
2047,Student_2047,10,79
2048,Student_2048,16,55
2049,Student_2049,14,61
2050,Student_2050,10,22
2051,Student_2051,14,85
2052,Student_2052,14,43
2053,Student_2053,11,14
2054,Student_2054,18,67
2055,Student_2055,17,21
2056,Student_2056,16,9
2057,Student_2057,14,87
2058,Student_2058,13,46
2059,Student_2059,15,75
2060,Student_2060,14,29
2061,Student_2061,10,79
2062,Student_2062,14,11
2063,Student_2063,17,35
2064,Student_2064,14,98
2065,Student_2065,10,80
2066,Student_2066,17,50
2067,Student_2067,11,34
2068,Student_2068,12,88
2069,Student_2069,11,55
2070,Student_2070,12,76
2071,Student_2071,16,76
2072,Student_2072,14,1
2073,Student_2073,11,12
2074,Student_2074,17,66
2075,Student_2075,17,16
2076,Student_2076,17,25
2077,Student_2077,12,95
2078,Student_2078,14,56
2079,Student_2079,18,75
2080,Student_2080,16,56
2081,Student_2081,10,55
2082,Student_2082,10,9
2083,Student_2083,14,34
2084,Student_2084,18,28
2085,Student_2085,14,39
2086,Student_2086,14,80
2087,Student_2087,10,37
2088,Student_2088,15,45
2089,Student_2089,17,40
2090,Student_2090,13,9
2091,Student_2091,16,44
2092,Student_2092,18,19
2093,Student_2093,11,18
2094,Student_2094,14,9
2095,Student_2095,12,36
2096,Student_2096,17,76
2097,Student_2097,15,27
2098,Student_2098,15,31
2099,Student_2099,17,64
2100,Student_2100,13,19
2101,Student_2101,18,90
2102,Student_2102,14,52
2103,Student_2103,11,45
2104,Student_2104,16,56
2105,Student_2105,17,16
2106,Student_2106,12,61
2107,Student_2107,17,36
2108,Student_2108,18,90
2109,Student_2109,12,17
2110,Student_2110,18,51
2111,Student_2111,11,60
2112,Student_2112,11,3
2113,Student_2113,11,36
2114,Student_2114,18,73
2115,Student_2115,15,82
2116,Student_2116,11,31
2117,Student_2117,13,80
2118,Student_2118,15,97
2119,Student_2119,10,86
2120,Student_2120,17,11
2121,Student_2121,17,74
2122,Student_2122,14,32
2123,Student_2123,18,99
2124,Student_2124,13,49
2125,Student_2125,18,12
2126,Student_2126,16,73
2127,Student_2127,15,32
2128,Student_2128,11,100
2129,Student_2129,17,98
2130,Student_2130,13,66
2131,Student_2131,11,13
2132,Student_2132,10,69
2133,Student_2133,15,9
2134,Student_2134,14,2
2135,Student_2135,16,83
2136,Student_2136,18,21
2137,Student_2137,10,38
2138,Student_2138,16,98
2139,Student_2139,11,34
2140,Student_2140,17,29
2141,Student_2141,17,92
2142,Student_2142,14,11
2143,Student_2143,16,76
2144,Student_2144,12,99
2145,Student_2145,14,91
2146,Student_2146,17,65
2147,Student_2147,14,31
2148,Student_2148,13,25
2149,Student_2149,14,82
2150,Student_2150,17,88
2151,Student_2151,13,53
2152,Student_2152,11,24
2153,Student_2153,16,11
2154,Student_2154,17,8
2155,Student_2155,10,72
2156,Student_2156,12,42
2157,Student_2157,11,91
2158,Student_2158,13,74
2159,Student_2159,14,19
2160,Student_2160,16,61
2161,Student_2161,15,43
2162,Student_2162,15,58
2163,Student_2163,13,74
2164,Student_2164,17,81
2165,Student_2165,14,85
2166,Student_2166,18,25
2167,Student_2167,15,3
2168,Student_2168,11,74
2169,Student_2169,16,10
2170,Student_2170,12,31
2171,Student_2171,16,0
2172,Student_2172,10,68
2173,Student_2173,11,16
2174,Student_2174,17,66
2175,Student_2175,12,100
2176,Student_2176,17,7
2177,Student_2177,12,7
2178,Student_2178,15,34
2179,Student_2179,16,87
2180,Student_2180,14,21
2181,Student_2181,12,36
2182,Student_2182,11,6
2183,Student_2183,10,77
2184,Student_2184,12,41
2185,Student_2185,15,76
2186,Student_2186,18,91
2187,Student_2187,17,23
2188,Student_2188,16,81
2189,Student_2189,17,5
2190,Student_2190,15,90
2191,Student_2191,12,65
2192,Student_2192,18,88
2193,Student_2193,16,0
2194,Student_2194,15,17
2195,Student_2195,10,39
2196,Student_2196,14,38
2197,Student_2197,14,22
2198,Student_2198,17,38
2199,Student_2199,14,13
2200,Student_2200,13,41
2201,Student_2201,18,81
2202,Student_2202,10,48
2203,Student_2203,13,1
2204,Student_2204,10,42
2205,Student_2205,16,2
2206,Student_2206,18,97
2207,Student_2207,12,12
2208,Student_2208,17,71
2209,Student_2209,12,98
2210,Student_2210,18,83
2211,Student_2211,16,70
2212,Student_2212,17,84
2213,Student_2213,10,99
2214,Student_2214,18,62
2215,Student_2215,16,56
2216,Student_2216,12,63
2217,Student_2217,17,53
2218,Student_2218,12,64
2219,Student_2219,17,45
2220,Student_2220,11,22
2221,Student_2221,16,12
2222,Student_2222,14,6
2223,Student_2223,10,26
2224,Student_2224,12,4
2225,Student_2225,10,57
2226,Student_2226,14,28
2227,Student_2227,12,83
2228,Student_2228,15,7
2229,Student_2229,12,22
2230,Student_2230,12,73
2231,Student_2231,16,60
2232,Student_2232,10,6
2233,Student_2233,18,88
2234,Student_2234,17,88
2235,Student_2235,16,33
2236,Student_2236,15,34
2237,Student_2237,18,99
2238,Student_2238,11,63
2239,Student_2239,10,53
2240,Student_2240,12,84
2241,Student_2241,17,28
2242,Student_2242,10,43
2243,Student_2243,15,27
2244,Student_2244,18,79
2245,Student_2245,17,57
2246,Student_2246,14,66
2247,Student_2247,10,25
2248,Student_2248,17,22
2249,Student_2249,15,49
2250,Student_2250,11,74
2251,Student_2251,10,53
2252,Student_2252,18,3
2253,Student_2253,16,87
2254,Student_2254,17,6
2255,Student_2255,17,96
2256,Student_2256,15,2
2257,Student_2257,14,70
2258,Student_2258,13,8
2259,Student_2259,12,91
2260,Student_2260,13,46
2261,Student_2261,16,13
2262,Student_2262,15,34
2263,Student_2263,18,16
2264,Student_2264,13,17
2265,Student_2265,15,95
2266,Student_2266,15,44
2267,Student_2267,15,79
2268,Student_2268,16,64
2269,Student_2269,12,68
2270,Student_2270,14,13
2271,Student_2271,10,23
2272,Student_2272,13,79
2273,Student_2273,14,98
2274,Student_2274,15,26
2275,Student_2275,18,27
2276,Student_2276,15,47
2277,Student_2277,16,99
2278,Student_2278,14,27
2279,Student_2279,15,41
2280,Student_2280,10,90
2281,Student_2281,12,0
2282,Student_2282,13,4
2283,Student_2283,14,61
2284,Student_2284,10,91
2285,Student_2285,11,24
2286,Student_2286,12,47
2287,Student_2287,18,45
2288,Student_2288,12,47
2289,Student_2289,14,62
2290,Student_2290,11,47
2291,Student_2291,15,45
2292,Student_2292,12,47
2293,Student_2293,11,59
2294,Student_2294,14,54
2295,Student_2295,10,86
2296,Student_2296,10,4
2297,Student_2297,11,84
2298,Student_2298,10,85
2299,Student_2299,10,28
2300,Student_2300,13,46
2301,Student_2301,17,44
2302,Student_2302,15,22
2303,Student_2303,14,40
2304,Student_2304,12,4
2305,Student_2305,18,28
2306,Student_2306,13,82
2307,Student_2307,10,28
2308,Student_2308,15,82
2309,Student_2309,11,53
2310,Student_2310,13,88
2311,Student_2311,14,58
2312,Student_2312,17,2
2313,Student_2313,14,68
2314,Student_2314,16,4
2315,Student_2315,18,45
2316,Student_2316,11,93
2317,Student_2317,12,16
2318,Student_2318,13,39
2319,Student_2319,13,73
2320,Student_2320,13,89
2321,Student_2321,18,67
2322,Student_2322,16,26
2323,Student_2323,15,68
2324,Student_2324,12,29
2325,Student_2325,17,72
2326,Student_2326,18,96
2327,Student_2327,17,72
2328,Student_2328,10,87
2329,Student_2329,15,0
2330,Student_2330,10,72
2331,Student_2331,12,83
2332,Student_2332,10,4
2333,Student_2333,15,88
2334,Student_2334,16,25
2335,Student_2335,11,67
2336,Student_2336,13,80
2337,Student_2337,14,66
2338,Student_2338,13,9
2339,Student_2339,11,60
2340,Student_2340,13,55
2341,Student_2341,16,90
2342,Student_2342,10,40
2343,Student_2343,10,32
2344,Student_2344,13,75
2345,Student_2345,18,41
2346,Student_2346,16,65
2347,Student_2347,16,65
2348,Student_2348,13,89
2349,Student_2349,15,60
2350,Student_2350,10,50
2351,Student_2351,15,14
2352,Student_2352,18,11
2353,Student_2353,15,15
2354,Student_2354,17,17
2355,Student_2355,16,64
2356,Student_2356,11,74
2357,Student_2357,18,53
2358,Student_2358,10,83
2359,Student_2359,14,100
2360,Student_2360,11,82
2361,Student_2361,10,70
2362,Student_2362,13,53
2363,Student_2363,12,45
2364,Student_2364,14,8
2365,Student_2365,15,40
2366,Student_2366,10,91
2367,Student_2367,11,81
2368,Student_2368,15,21
2369,Student_2369,13,47
2370,Student_2370,16,82
2371,Student_2371,15,6
2372,Student_2372,17,39
2373,Student_2373,16,86
2374,Student_2374,13,40
2375,Student_2375,16,7
2376,Student_2376,12,54
2377,Student_2377,12,87
2378,Student_2378,17,59
2379,Student_2379,14,22
2380,Student_2380,17,38
2381,Student_2381,17,45
2382,Student_2382,17,58
2383,Student_2383,18,76
2384,Student_2384,13,9
2385,Student_2385,12,89
2386,Student_2386,15,1
2387,Student_2387,13,37
2388,Student_2388,15,2
2389,Student_2389,16,39
2390,Student_2390,16,53
2391,Student_2391,13,51
2392,Student_2392,11,16
2393,Student_2393,13,65
2394,Student_2394,11,4
2395,Student_2395,18,76
2396,Student_2396,13,95
2397,Student_2397,11,34
2398,Student_2398,10,52
2399,Student_2399,15,38
2400,Student_2400,15,0
2401,Student_2401,13,38
2402,Student_2402,10,79
2403,Student_2403,13,60
2404,Student_2404,12,10
2405,Student_2405,16,85
2406,Student_2406,15,53
2407,Student_2407,13,85
2408,Student_2408,11,58
2409,Student_2409,18,56
2410,Student_2410,14,10
2411,Student_2411,16,16
2412,Student_2412,11,98
2413,Student_2413,14,23
2414,Student_2414,10,98
2415,Student_2415,14,53
2416,Student_2416,18,13
2417,Student_2417,13,10
2418,Student_2418,10,21
2419,Student_2419,10,93
2420,Student_2420,13,41
2421,Student_2421,11,39
2422,Student_2422,10,31
2423,Student_2423,16,14
2424,Student_2424,14,49
2425,Student_2425,12,13
2426,Student_2426,18,84
2427,Student_2427,11,37
2428,Student_2428,18,37
2429,Student_2429,12,47
2430,Student_2430,17,44
2431,Student_2431,15,100
2432,Student_2432,17,55
2433,Student_2433,18,8
2434,Student_2434,12,61
2435,Student_2435,18,15
2436,Student_2436,13,3
2437,Student_2437,13,98
2438,Student_2438,13,78
2439,Student_2439,14,98
2440,Student_2440,11,48
2441,Student_2441,14,53
2442,Student_2442,14,17
2443,Student_2443,16,24
2444,Student_2444,17,84
2445,Student_2445,13,35
2446,Student_2446,12,83
2447,Student_2447,12,71
2448,Student_2448,11,17
2449,Student_2449,10,51
2450,Student_2450,13,68
2451,Student_2451,12,23
2452,Student_2452,18,83
2453,Student_2453,15,55
2454,Student_2454,13,16
2455,Student_2455,15,58
2456,Student_2456,11,100
2457,Student_2457,13,15
2458,Student_2458,15,82
2459,Student_2459,14,20
2460,Student_2460,13,79
2461,Student_2461,18,74
2462,Student_2462,17,30
2463,Student_2463,15,32
2464,Student_2464,15,80
2465,Student_2465,15,46
2466,Student_2466,11,73
2467,Student_2467,13,14
2468,Student_2468,10,86
2469,Student_2469,14,71
2470,Student_2470,14,91
2471,Student_2471,12,13
2472,Student_2472,18,59
2473,Student_2473,18,60
2474,Student_2474,16,35
2475,Student_2475,14,46
2476,Student_2476,17,3
2477,Student_2477,11,75
2478,Student_2478,17,55
2479,Student_2479,11,5
2480,Student_2480,17,68
2481,Student_2481,12,47
2482,Student_2482,17,3
2483,Student_2483,18,97
2484,Student_2484,11,95
2485,Student_2485,14,51
2486,Student_2486,18,9
2487,Student_2487,14,76
2488,Student_2488,17,49
2489,Student_2489,15,30
2490,Student_2490,13,49
2491,Student_2491,12,52
2492,Student_2492,11,56
2493,Student_2493,16,44
2494,Student_2494,13,61
2495,Student_2495,14,92
2496,Student_2496,14,36
2497,Student_2497,15,73
2498,Student_2498,17,90
2499,Student_2499,18,46
2500,Student_2500,13,44
2501,Student_2501,17,60
2502,Student_2502,16,59
2503,Student_2503,15,81
2504,Student_2504,18,48
2505,Student_2505,11,100
2506,Student_2506,10,6
2507,Student_2507,17,0
2508,Student_2508,13,64
2509,Student_2509,17,30
2510,Student_2510,18,24
2511,Student_2511,10,31
2512,Student_2512,17,25
2513,Student_2513,14,3
2514,Student_2514,14,98
2515,Student_2515,15,22
2516,Student_2516,18,74
2517,Student_2517,10,77
2518,Student_2518,14,93
2519,Student_2519,16,3
2520,Student_2520,16,88
2521,Student_2521,16,53
2522,Student_2522,11,63
2523,Student_2523,12,65
2524,Student_2524,13,82
2525,Student_2525,17,33
2526,Student_2526,12,74
2527,Student_2527,11,53
2528,Student_2528,18,80
2529,Student_2529,10,100
2530,Student_2530,18,20
2531,Student_2531,16,100
2532,Student_2532,17,9
2533,Student_2533,12,0
2534,Student_2534,10,4
2535,Student_2535,16,34
2536,Student_2536,17,63
2537,Student_2537,16,6
2538,Student_2538,11,0
2539,Student_2539,16,94
2540,Student_2540,16,83
2541,Student_2541,15,81
2542,Student_2542,16,89
2543,Student_2543,17,70
2544,Student_2544,15,10
2545,Student_2545,10,40
2546,Student_2546,14,73
2547,Student_2547,10,28
2548,Student_2548,13,69
2549,Student_2549,13,2
2550,Student_2550,10,30
2551,Student_2551,13,55
2552,Student_2552,10,63
2553,Student_2553,17,58
2554,Student_2554,18,70
2555,Student_2555,10,0
2556,Student_2556,18,10
2557,Student_2557,14,87
2558,Student_2558,12,68
2559,Student_2559,10,11
2560,Student_2560,14,85
2561,Student_2561,17,24
2562,Student_2562,16,48
2563,Student_2563,10,14
2564,Student_2564,10,71
2565,Student_2565,13,67
2566,Student_2566,12,21
2567,Student_2567,12,87
2568,Student_2568,12,40
2569,Student_2569,17,29
2570,Student_2570,18,15
2571,Student_2571,13,26
2572,Student_2572,18,2
2573,Student_2573,12,58
2574,Student_2574,14,85
2575,Student_2575,12,55
2576,Student_2576,15,22
2577,Student_2577,18,3
2578,Student_2578,15,21
2579,Student_2579,13,42
2580,Student_2580,15,76
2581,Student_2581,11,18
2582,Student_2582,17,72
2583,Student_2583,14,87
2584,Student_2584,14,45
2585,Student_2585,15,82
2586,Student_2586,15,56
2587,Student_2587,10,64
2588,Student_2588,16,53
2589,Student_2589,12,46
2590,Student_2590,16,23
2591,Student_2591,17,30
2592,Student_2592,17,29
2593,Student_2593,14,56
2594,Student_2594,14,12
2595,Student_2595,11,92
2596,Student_2596,16,72
2597,Student_2597,12,40
2598,Student_2598,14,16
2599,Student_2599,12,89
2600,Student_2600,11,83
2601,Student_2601,15,72
2602,Student_2602,10,27
2603,Student_2603,16,40
2604,Student_2604,12,10
2605,Student_2605,10,19
2606,Student_2606,14,79
2607,Student_2607,10,72
2608,Student_2608,12,59
2609,Student_2609,16,90
2610,Student_2610,10,58
2611,Student_2611,17,47
2612,Student_2612,10,34
2613,Student_2613,12,94
2614,Student_2614,16,8
2615,Student_2615,12,94
2616,Student_2616,10,83
2617,Student_2617,13,13
2618,Student_2618,12,57
2619,Student_2619,17,87
2620,Student_2620,12,57
2621,Student_2621,17,91
2622,Student_2622,18,95
2623,Student_2623,13,42
2624,Student_2624,18,38
2625,Student_2625,13,94
2626,Student_2626,18,68
2627,Student_2627,10,11
2628,Student_2628,16,4
2629,Student_2629,14,57
2630,Student_2630,13,93
2631,Student_2631,15,85
2632,Student_2632,16,68
2633,Student_2633,10,14
2634,Student_2634,11,25
2635,Student_2635,16,88
2636,Student_2636,15,18
2637,Student_2637,18,28
2638,Student_2638,16,13
2639,Student_2639,18,68
2640,Student_2640,16,95
2641,Student_2641,12,27
2642,Student_2642,10,48
2643,Student_2643,17,64
2644,Student_2644,15,100
2645,Student_2645,10,10
2646,Student_2646,13,50
2647,Student_2647,18,38
2648,Student_2648,14,87
2649,Student_2649,13,48
2650,Student_2650,14,11
2651,Student_2651,11,64
2652,Student_2652,13,77
2653,Student_2653,13,0
2654,Student_2654,10,86
2655,Student_2655,16,18
2656,Student_2656,13,55
2657,Student_2657,17,41
2658,Student_2658,17,72
2659,Student_2659,11,37
2660,Student_2660,15,87
2661,Student_2661,14,73
2662,Student_2662,17,65
2663,Student_2663,11,80
2664,Student_2664,16,76
2665,Student_2665,15,3
2666,Student_2666,12,39
2667,Student_2667,11,94
2668,Student_2668,15,12
2669,Student_2669,16,74
2670,Student_2670,12,98
2671,Student_2671,15,5
2672,Student_2672,13,68
2673,Student_2673,16,47
2674,Student_2674,11,58
2675,Student_2675,18,8
2676,Student_2676,12,4
2677,Student_2677,13,67
2678,Student_2678,10,83
2679,Student_2679,11,78
2680,Student_2680,14,54
2681,Student_2681,12,10
2682,Student_2682,17,69
2683,Student_2683,10,24
2684,Student_2684,13,92
2685,Student_2685,13,84
2686,Student_2686,10,71
2687,Student_2687,11,95
2688,Student_2688,13,3
2689,Student_2689,14,74
2690,Student_2690,13,33
2691,Student_2691,14,91
2692,Student_2692,15,26
2693,Student_2693,10,73
2694,Student_2694,14,88
2695,Student_2695,18,4
2696,Student_2696,14,40
2697,Student_2697,16,76
2698,Student_2698,12,45
2699,Student_2699,16,26
2700,Student_2700,16,22
2701,Student_2701,14,13
2702,Student_2702,18,86
2703,Student_2703,11,58
2704,Student_2704,10,7
2705,Student_2705,16,38
2706,Student_2706,17,37
2707,Student_2707,11,18
2708,Student_2708,12,43
2709,Student_2709,10,33
2710,Student_2710,12,34
2711,Student_2711,16,74
2712,Student_2712,14,22
2713,Student_2713,13,64
2714,Student_2714,13,57
2715,Student_2715,10,57
2716,Student_2716,12,66
2717,Student_2717,15,55
2718,Student_2718,18,88
2719,Student_2719,17,68
2720,Student_2720,10,55
2721,Student_2721,18,83
2722,Student_2722,17,61
2723,Student_2723,17,29
2724,Student_2724,14,20
2725,Student_2725,13,15
2726,Student_2726,12,90
2727,Student_2727,10,71
2728,Student_2728,12,94
2729,Student_2729,12,60
2730,Student_2730,14,47
2731,Student_2731,16,6
2732,Student_2732,14,67
2733,Student_2733,10,58
2734,Student_2734,18,100
2735,Student_2735,18,24
2736,Student_2736,17,53
2737,Student_2737,18,65
2738,Student_2738,14,65
2739,Student_2739,18,56
2740,Student_2740,10,78
2741,Student_2741,13,20
2742,Student_2742,12,73
2743,Student_2743,11,62
2744,Student_2744,11,90
2745,Student_2745,15,85
2746,Student_2746,17,31
2747,Student_2747,15,27
2748,Student_2748,11,99
2749,Student_2749,17,53
2750,Student_2750,15,91
2751,Student_2751,13,16
2752,Student_2752,16,64
2753,Student_2753,12,81
2754,Student_2754,13,95
2755,Student_2755,18,34
2756,Student_2756,12,73
2757,Student_2757,14,54
2758,Student_2758,18,6
2759,Student_2759,16,69
2760,Student_2760,10,69
2761,Student_2761,11,93
2762,Student_2762,10,50
2763,Student_2763,15,23
2764,Student_2764,14,4
2765,Student_2765,11,41
2766,Student_2766,18,30
2767,Student_2767,14,76
2768,Student_2768,12,35
2769,Student_2769,14,95
2770,Student_2770,16,97
2771,Student_2771,10,62
2772,Student_2772,12,93
2773,Student_2773,17,76
2774,Student_2774,14,55
2775,Student_2775,14,18
2776,Student_2776,13,46
2777,Student_2777,10,56
2778,Student_2778,11,87
2779,Student_2779,14,48
2780,Student_2780,11,90
2781,Student_2781,10,68
2782,Student_2782,17,13
2783,Student_2783,18,100
2784,Student_2784,17,53
2785,Student_2785,17,39
2786,Student_2786,12,66
2787,Student_2787,18,10
2788,Student_2788,11,64
2789,Student_2789,18,50
2790,Student_2790,18,41
2791,Student_2791,16,96
2792,Student_2792,18,52
2793,Student_2793,15,22
2794,Student_2794,12,46
2795,Student_2795,13,92
2796,Student_2796,15,17
2797,Student_2797,10,21
2798,Student_2798,15,1
2799,Student_2799,18,1
2800,Student_2800,11,83
2801,Student_2801,17,73
2802,Student_2802,18,35
2803,Student_2803,18,70
2804,Student_2804,18,39
2805,Student_2805,14,96
2806,Student_2806,18,97
2807,Student_2807,16,39
2808,Student_2808,11,86
2809,Student_2809,14,78
2810,Student_2810,16,31
2811,Student_2811,12,23
2812,Student_2812,15,46
2813,Student_2813,15,78
2814,Student_2814,11,96
2815,Student_2815,15,77
2816,Student_2816,16,86
2817,Student_2817,14,60
2818,Student_2818,10,84
2819,Student_2819,10,79
2820,Student_2820,13,38
2821,Student_2821,18,55
2822,Student_2822,12,81
2823,Student_2823,15,4
2824,Student_2824,11,81
2825,Student_2825,12,17
2826,Student_2826,17,51
2827,Student_2827,16,81
2828,Student_2828,10,25
2829,Student_2829,13,24
2830,Student_2830,10,40
2831,Student_2831,14,90
2832,Student_2832,15,0
2833,Student_2833,11,91
2834,Student_2834,12,15
2835,Student_2835,13,99
2836,Student_2836,18,96
2837,Student_2837,18,49
2838,Student_2838,10,51
2839,Student_2839,16,48
2840,Student_2840,13,64
2841,Student_2841,13,9
2842,Student_2842,16,3
2843,Student_2843,18,5
2844,Student_2844,18,44
2845,Student_2845,15,27
2846,Student_2846,13,62
2847,Student_2847,17,100
2848,Student_2848,12,39
2849,Student_2849,15,57
2850,Student_2850,13,41
2851,Student_2851,15,85
2852,Student_2852,12,91
2853,Student_2853,11,88
2854,Student_2854,18,98
2855,Student_2855,10,2
2856,Student_2856,14,84
2857,Student_2857,11,75
2858,Student_2858,10,23
2859,Student_2859,10,96
2860,Student_2860,11,14
2861,Student_2861,17,68
2862,Student_2862,12,22
2863,Student_2863,18,43
2864,Student_2864,15,72
2865,Student_2865,13,56
2866,Student_2866,15,43
2867,Student_2867,14,32
2868,Student_2868,16,84
2869,Student_2869,12,14
2870,Student_2870,13,43
2871,Student_2871,18,91
2872,Student_2872,18,85
2873,Student_2873,18,40
2874,Student_2874,13,77
2875,Student_2875,17,83
2876,Student_2876,14,89
2877,Student_2877,14,54
2878,Student_2878,11,20
2879,Student_2879,15,25
2880,Student_2880,11,29
2881,Student_2881,12,59
2882,Student_2882,17,3
2883,Student_2883,11,64
2884,Student_2884,10,36
2885,Student_2885,10,29
2886,Student_2886,18,88
2887,Student_2887,14,46
2888,Student_2888,13,9
2889,Student_2889,17,83
2890,Student_2890,17,4
2891,Student_2891,12,73
2892,Student_2892,16,78
2893,Student_2893,16,35
2894,Student_2894,15,83
2895,Student_2895,11,52
2896,Student_2896,17,46
2897,Student_2897,14,4
2898,Student_2898,12,29
2899,Student_2899,13,94
2900,Student_2900,10,39
2901,Student_2901,11,55
2902,Student_2902,16,53
2903,Student_2903,10,59
2904,Student_2904,13,6
2905,Student_2905,14,36
2906,Student_2906,10,73
2907,Student_2907,18,20
2908,Student_2908,12,20
2909,Student_2909,12,1
2910,Student_2910,12,44
2911,Student_2911,12,89
2912,Student_2912,10,5
2913,Student_2913,16,19
2914,Student_2914,18,31
2915,Student_2915,12,73
2916,Student_2916,15,64
2917,Student_2917,16,42
2918,Student_2918,17,76
2919,Student_2919,13,61
2920,Student_2920,12,90
2921,Student_2921,12,82
2922,Student_2922,16,25
2923,Student_2923,17,27
2924,Student_2924,11,12
2925,Student_2925,13,34
2926,Student_2926,18,100
2927,Student_2927,17,40
2928,Student_2928,18,22
2929,Student_2929,16,77
2930,Student_2930,13,54
2931,Student_2931,15,15
2932,Student_2932,15,38
2933,Student_2933,10,41
2934,Student_2934,14,76
2935,Student_2935,16,2
2936,Student_2936,11,27
2937,Student_2937,17,52
2938,Student_2938,15,27
2939,Student_2939,18,63
2940,Student_2940,10,48
2941,Student_2941,12,36
2942,Student_2942,15,95
2943,Student_2943,12,63
2944,Student_2944,16,13
2945,Student_2945,16,56
2946,Student_2946,10,78
2947,Student_2947,14,71
2948,Student_2948,14,17
2949,Student_2949,13,98
2950,Student_2950,18,45
2951,Student_2951,17,16
2952,Student_2952,16,18
2953,Student_2953,16,9
2954,Student_2954,14,81
2955,Student_2955,18,12
2956,Student_2956,16,12
2957,Student_2957,16,85
2958,Student_2958,17,34
2959,Student_2959,12,3
2960,Student_2960,17,5
2961,Student_2961,11,14
2962,Student_2962,13,21
2963,Student_2963,13,67
2964,Student_2964,18,15
2965,Student_2965,17,12
2966,Student_2966,16,77
2967,Student_2967,16,67
2968,Student_2968,15,43
2969,Student_2969,18,55
2970,Student_2970,14,31
2971,Student_2971,13,48
2972,Student_2972,11,51
2973,Student_2973,17,39
2974,Student_2974,16,91
2975,Student_2975,13,1
2976,Student_2976,10,78
2977,Student_2977,17,12
2978,Student_2978,10,80
2979,Student_2979,16,62
2980,Student_2980,18,85
2981,Student_2981,13,9
2982,Student_2982,12,56
2983,Student_2983,16,50
2984,Student_2984,17,71
2985,Student_2985,14,53
2986,Student_2986,18,54
2987,Student_2987,10,43
2988,Student_2988,14,31
2989,Student_2989,16,48
2990,Student_2990,17,11
2991,Student_2991,11,97
2992,Student_2992,17,72
2993,Student_2993,14,96
2994,Student_2994,13,22
2995,Student_2995,11,88
2996,Student_2996,17,81
2997,Student_2997,11,68
2998,Student_2998,12,63
2999,Student_2999,12,31
3000,Student_3000,17,82
3001,Student_3001,16,50
3002,Student_3002,17,7
3003,Student_3003,12,31
3004,Student_3004,15,94
3005,Student_3005,15,85
3006,Student_3006,17,99
3007,Student_3007,18,63
3008,Student_3008,10,24
3009,Student_3009,16,16
3010,Student_3010,10,18
3011,Student_3011,14,1
3012,Student_3012,12,39
3013,Student_3013,12,19
3014,Student_3014,13,41
3015,Student_3015,15,94
3016,Student_3016,13,43
3017,Student_3017,16,88
3018,Student_3018,13,61
3019,Student_3019,10,24
3020,Student_3020,17,35
3021,Student_3021,12,8
3022,Student_3022,13,33
3023,Student_3023,16,68
3024,Student_3024,12,7
3025,Student_3025,10,20
3026,Student_3026,13,38
3027,Student_3027,18,99
3028,Student_3028,15,79
3029,Student_3029,16,74
3030,Student_3030,15,11
3031,Student_3031,11,78
3032,Student_3032,13,79
3033,Student_3033,16,60
3034,Student_3034,10,100
3035,Student_3035,12,32
3036,Student_3036,12,95
3037,Student_3037,13,92
3038,Student_3038,18,1
3039,Student_3039,10,45
3040,Student_3040,14,98
3041,Student_3041,11,10
3042,Student_3042,18,55
3043,Student_3043,11,98
3044,Student_3044,13,56
3045,Student_3045,16,19
3046,Student_3046,16,58
3047,Student_3047,13,20
3048,Student_3048,13,52
3049,Student_3049,13,7
3050,Student_3050,12,61
3051,Student_3051,11,52
3052,Student_3052,14,74
3053,Student_3053,12,63
3054,Student_3054,12,55
3055,Student_3055,15,69
3056,Student_3056,18,14
3057,Student_3057,15,60
3058,Student_3058,10,17
3059,Student_3059,10,93
3060,Student_3060,18,6
3061,Student_3061,12,43
3062,Student_3062,10,70
3063,Student_3063,15,46
3064,Student_3064,15,9
3065,Student_3065,15,55
3066,Student_3066,12,64
3067,Student_3067,10,71
3068,Student_3068,18,37
3069,Student_3069,12,56
3070,Student_3070,16,45
3071,Student_3071,16,67
3072,Student_3072,15,58
3073,Student_3073,12,53
3074,Student_3074,12,25
3075,Student_3075,15,0
3076,Student_3076,17,17
3077,Student_3077,18,11
3078,Student_3078,10,45
3079,Student_3079,11,61
3080,Student_3080,18,21
3081,Student_3081,16,94
3082,Student_3082,17,0
3083,Student_3083,11,78
3084,Student_3084,15,63
3085,Student_3085,16,37
3086,Student_3086,16,5
3087,Student_3087,13,63
3088,Student_3088,10,38
3089,Student_3089,15,94
3090,Student_3090,12,54
3091,Student_3091,14,94
3092,Student_3092,18,22
3093,Student_3093,13,73
3094,Student_3094,17,62
3095,Student_3095,11,74
3096,Student_3096,16,21
3097,Student_3097,18,67
3098,Student_3098,10,50
3099,Student_3099,10,75
3100,Student_3100,13,33
3101,Student_3101,10,89
3102,Student_3102,16,8
3103,Student_3103,18,81
3104,Student_3104,13,86
3105,Student_3105,12,82
3106,Student_3106,13,51
3107,Student_3107,16,44
3108,Student_3108,10,100
3109,Student_3109,15,23
3110,Student_3110,15,55
3111,Student_3111,15,67
3112,Student_3112,12,70
3113,Student_3113,16,20
3114,Student_3114,10,66
3115,Student_3115,11,82
3116,Student_3116,17,5
3117,Student_3117,16,92
3118,Student_3118,10,2
3119,Student_3119,12,35
3120,Student_3120,11,1
3121,Student_3121,12,7
3122,Student_3122,12,92
3123,Student_3123,10,35
3124,Student_3124,14,42
3125,Student_3125,16,21
3126,Student_3126,15,60
3127,Student_3127,16,60
3128,Student_3128,10,37
3129,Student_3129,18,33
3130,Student_3130,17,89
3131,Student_3131,17,38
3132,Student_3132,17,49
3133,Student_3133,18,28
3134,Student_3134,14,79
3135,Student_3135,11,40
3136,Student_3136,15,51
3137,Student_3137,16,25
3138,Student_3138,16,99
3139,Student_3139,14,29
3140,Student_3140,10,77
3141,Student_3141,13,43
3142,Student_3142,18,20
3143,Student_3143,15,80
3144,Student_3144,14,33
3145,Student_3145,12,87
3146,Student_3146,13,92
3147,Student_3147,18,86
3148,Student_3148,15,3
3149,Student_3149,17,79
3150,Student_3150,14,41
3151,Student_3151,15,88
3152,Student_3152,12,64
3153,Student_3153,16,84
3154,Student_3154,13,50
3155,Student_3155,13,54
3156,Student_3156,15,14
3157,Student_3157,18,79
3158,Student_3158,10,42
3159,Student_3159,17,50
3160,Student_3160,12,79
3161,Student_3161,13,60
3162,Student_3162,10,20
3163,Student_3163,12,59
3164,Student_3164,14,41
3165,Student_3165,10,47
3166,Student_3166,14,2
3167,Student_3167,18,21
3168,Student_3168,10,28
3169,Student_3169,16,72
3170,Student_3170,13,1
3171,Student_3171,15,41
3172,Student_3172,12,93
3173,Student_3173,11,11
3174,Student_3174,11,52
3175,Student_3175,10,79
3176,Student_3176,11,95
3177,Student_3177,15,75
3178,Student_3178,17,72
3179,Student_3179,17,83
3180,Student_3180,16,45
3181,Student_3181,10,81
3182,Student_3182,12,0
3183,Student_3183,12,93
3184,Student_3184,12,44
3185,Student_3185,14,55
3186,Student_3186,14,25
3187,Student_3187,13,74
3188,Student_3188,13,7
3189,Student_3189,17,88
3190,Student_3190,17,83
3191,Student_3191,12,21
3192,Student_3192,18,81
3193,Student_3193,18,79
3194,Student_3194,12,63
3195,Student_3195,13,37
3196,Student_3196,14,27
3197,Student_3197,18,23
3198,Student_3198,17,32
3199,Student_3199,10,91
3200,Student_3200,13,7
3201,Student_3201,14,83
3202,Student_3202,14,35
3203,Student_3203,11,52
3204,Student_3204,17,80
3205,Student_3205,16,89
3206,Student_3206,17,34
3207,Student_3207,17,46
3208,Student_3208,16,41
3209,Student_3209,13,1
3210,Student_3210,15,29
3211,Student_3211,11,46
3212,Student_3212,16,41
3213,Student_3213,11,72
3214,Student_3214,16,38
3215,Student_3215,12,49
3216,Student_3216,11,43
3217,Student_3217,11,74
3218,Student_3218,10,87
3219,Student_3219,16,53
3220,Student_3220,16,79
3221,Student_3221,14,29
3222,Student_3222,11,54
3223,Student_3223,10,34
3224,Student_3224,10,41
3225,Student_3225,11,73
3226,Student_3226,18,89
3227,Student_3227,12,12
3228,Student_3228,13,64
3229,Student_3229,10,58
3230,Student_3230,12,11
3231,Student_3231,14,21
3232,Student_3232,15,31
3233,Student_3233,12,16
3234,Student_3234,10,24
3235,Student_3235,13,27
3236,Student_3236,12,33
3237,Student_3237,11,75
3238,Student_3238,18,57
3239,Student_3239,15,99
3240,Student_3240,15,41
3241,Student_3241,13,76
3242,Student_3242,13,88
3243,Student_3243,14,68
3244,Student_3244,16,41
3245,Student_3245,16,76
3246,Student_3246,11,20
3247,Student_3247,14,33
3248,Student_3248,13,55
3249,Student_3249,17,58
3250,Student_3250,15,2
3251,Student_3251,14,95
3252,Student_3252,11,70
3253,Student_3253,15,50
3254,Student_3254,11,94
3255,Student_3255,13,44
3256,Student_3256,11,99
3257,Student_3257,16,51
3258,Student_3258,11,11
3259,Student_3259,13,77
3260,Student_3260,18,68
3261,Student_3261,11,78
3262,Student_3262,14,96
3263,Student_3263,13,78
3264,Student_3264,10,61
3265,Student_3265,17,86
3266,Student_3266,10,67
3267,Student_3267,14,41
3268,Student_3268,15,89
3269,Student_3269,15,22
3270,Student_3270,16,72
3271,Student_3271,12,89
3272,Student_3272,10,73
3273,Student_3273,16,70
3274,Student_3274,14,76
3275,Student_3275,17,46
3276,Student_3276,17,88
3277,Student_3277,17,20
3278,Student_3278,14,12
3279,Student_3279,13,28
3280,Student_3280,17,53
3281,Student_3281,14,51
3282,Student_3282,11,82
3283,Student_3283,17,40
3284,Student_3284,17,48
3285,Student_3285,14,1
3286,Student_3286,10,41
3287,Student_3287,13,65
3288,Student_3288,17,1
3289,Student_3289,18,28
3290,Student_3290,11,21
3291,Student_3291,10,4
3292,Student_3292,17,48
3293,Student_3293,13,18
3294,Student_3294,14,75
3295,Student_3295,18,85
3296,Student_3296,10,55
3297,Student_3297,15,99
3298,Student_3298,10,45
3299,Student_3299,13,51
3300,Student_3300,17,99
3301,Student_3301,13,23
3302,Student_3302,18,95
3303,Student_3303,15,4
3304,Student_3304,12,45
3305,Student_3305,11,7
3306,Student_3306,13,73
3307,Student_3307,13,61
3308,Student_3308,10,71
3309,Student_3309,13,37
3310,Student_3310,14,37
3311,Student_3311,16,4
3312,Student_3312,15,35
3313,Student_3313,16,93
3314,Student_3314,10,38
3315,Student_3315,11,83
3316,Student_3316,15,85
3317,Student_3317,14,37
3318,Student_3318,10,63
3319,Student_3319,17,9
3320,Student_3320,16,10
3321,Student_3321,14,4
3322,Student_3322,10,58
3323,Student_3323,16,43
3324,Student_3324,15,55
3325,Student_3325,17,52
3326,Student_3326,16,35
3327,Student_3327,17,68
3328,Student_3328,14,76
3329,Student_3329,11,1
3330,Student_3330,16,20
3331,Student_3331,15,72
3332,Student_3332,16,39
3333,Student_3333,11,66
3334,Student_3334,11,35
3335,Student_3335,18,39
3336,Student_3336,16,16
3337,Student_3337,18,26
3338,Student_3338,16,61
3339,Student_3339,15,43
3340,Student_3340,15,78
3341,Student_3341,18,86
3342,Student_3342,15,54
3343,Student_3343,15,76
3344,Student_3344,11,30
3345,Student_3345,14,41
3346,Student_3346,16,71
3347,Student_3347,12,39
3348,Student_3348,11,59
3349,Student_3349,12,18
3350,Student_3350,12,60
3351,Student_3351,11,87
3352,Student_3352,13,87
3353,Student_3353,18,73
3354,Student_3354,14,75
3355,Student_3355,11,56
3356,Student_3356,10,59
3357,Student_3357,16,13
3358,Student_3358,13,44
3359,Student_3359,17,45
3360,Student_3360,15,96
3361,Student_3361,17,43
3362,Student_3362,12,55
3363,Student_3363,16,53
3364,Student_3364,12,64
3365,Student_3365,18,75
3366,Student_3366,15,22
3367,Student_3367,12,53
3368,Student_3368,12,83
3369,Student_3369,11,46
3370,Student_3370,16,28
3371,Student_3371,11,66
3372,Student_3372,15,83
3373,Student_3373,12,6
3374,Student_3374,15,78
3375,Student_3375,17,82
3376,Student_3376,17,46
3377,Student_3377,16,99
3378,Student_3378,11,79
3379,Student_3379,10,78
3380,Student_3380,16,75
3381,Student_3381,13,15
3382,Student_3382,13,21
3383,Student_3383,10,46
3384,Student_3384,12,26
3385,Student_3385,10,41
3386,Student_3386,17,89
3387,Student_3387,12,83
3388,Student_3388,15,63
3389,Student_3389,10,86
3390,Student_3390,16,79
3391,Student_3391,12,43
3392,Student_3392,18,20
3393,Student_3393,17,51
3394,Student_3394,12,74
3395,Student_3395,18,44
3396,Student_3396,18,67
3397,Student_3397,17,9
3398,Student_3398,17,75
3399,Student_3399,12,82
3400,Student_3400,15,71
3401,Student_3401,10,97
3402,Student_3402,10,83
3403,Student_3403,18,91
3404,Student_3404,12,94
3405,Student_3405,16,80
3406,Student_3406,17,68
3407,Student_3407,17,0
3408,Student_3408,18,47
3409,Student_3409,12,57
3410,Student_3410,10,30
3411,Student_3411,13,32
3412,Student_3412,11,97
3413,Student_3413,10,90
3414,Student_3414,13,85
3415,Student_3415,17,41
3416,Student_3416,15,1
3417,Student_3417,12,8
3418,Student_3418,15,31
3419,Student_3419,12,1
3420,Student_3420,10,1
3421,Student_3421,16,92
3422,Student_3422,15,71
3423,Student_3423,16,31
3424,Student_3424,10,13
3425,Student_3425,17,51
3426,Student_3426,15,0
3427,Student_3427,15,94
3428,Student_3428,15,41
3429,Student_3429,17,40
3430,Student_3430,15,39
3431,Student_3431,15,7
3432,Student_3432,18,64
3433,Student_3433,16,74
3434,Student_3434,13,68
3435,Student_3435,16,13
3436,Student_3436,13,58
3437,Student_3437,12,57
3438,Student_3438,15,87
3439,Student_3439,18,38
3440,Student_3440,18,37
3441,Student_3441,13,62
3442,Student_3442,14,63
3443,Student_3443,11,47
3444,Student_3444,18,44
3445,Student_3445,18,49
3446,Student_3446,15,86
3447,Student_3447,17,46
3448,Student_3448,16,94
3449,Student_3449,15,50
3450,Student_3450,10,95
3451,Student_3451,14,84
3452,Student_3452,16,36
3453,Student_3453,16,87
3454,Student_3454,13,11
3455,Student_3455,18,93
3456,Student_3456,11,63
3457,Student_3457,14,5
3458,Student_3458,16,65
3459,Student_3459,16,98
3460,Student_3460,15,7
3461,Student_3461,12,56
3462,Student_3462,11,75
3463,Student_3463,15,81
3464,Student_3464,15,41
3465,Student_3465,11,20
3466,Student_3466,16,4
3467,Student_3467,14,58
3468,Student_3468,16,45
3469,Student_3469,17,95
3470,Student_3470,11,6
3471,Student_3471,10,69
3472,Student_3472,17,2
3473,Student_3473,15,17
3474,Student_3474,16,45
3475,Student_3475,17,45
3476,Student_3476,17,69
3477,Student_3477,18,91
3478,Student_3478,14,64
3479,Student_3479,14,96
3480,Student_3480,13,89
3481,Student_3481,11,59
3482,Student_3482,15,84
3483,Student_3483,12,64
3484,Student_3484,18,7
3485,Student_3485,15,74
3486,Student_3486,15,9
3487,Student_3487,13,60
3488,Student_3488,10,70
3489,Student_3489,10,6
3490,Student_3490,13,23
3491,Student_3491,10,92
3492,Student_3492,15,62
3493,Student_3493,17,24
3494,Student_3494,17,69
3495,Student_3495,15,60
3496,Student_3496,11,50
3497,Student_3497,17,98
3498,Student_3498,17,69
3499,Student_3499,11,37
3500,Student_3500,16,80
3501,Student_3501,12,89
3502,Student_3502,17,12
3503,Student_3503,18,20
3504,Student_3504,10,21
3505,Student_3505,18,69
3506,Student_3506,15,60
3507,Student_3507,18,62
3508,Student_3508,14,95
3509,Student_3509,17,78
3510,Student_3510,10,12
3511,Student_3511,13,35
3512,Student_3512,10,43
3513,Student_3513,18,39
3514,Student_3514,17,67
3515,Student_3515,17,90
3516,Student_3516,18,30
3517,Student_3517,10,55
3518,Student_3518,13,79
3519,Student_3519,10,42
3520,Student_3520,11,16
3521,Student_3521,12,47
3522,Student_3522,14,5
3523,Student_3523,12,95
3524,Student_3524,10,7
3525,Student_3525,11,44
3526,Student_3526,11,53
3527,Student_3527,18,99
3528,Student_3528,16,16
3529,Student_3529,18,11
3530,Student_3530,13,0
3531,Student_3531,12,15
3532,Student_3532,17,20
3533,Student_3533,12,63
3534,Student_3534,12,22
3535,Student_3535,12,2
3536,Student_3536,11,83
3537,Student_3537,12,36
3538,Student_3538,13,35
3539,Student_3539,16,30
3540,Student_3540,10,98
3541,Student_3541,11,17
3542,Student_3542,17,90
3543,Student_3543,11,78
3544,Student_3544,13,7
3545,Student_3545,17,99
3546,Student_3546,11,27
3547,Student_3547,10,9
3548,Student_3548,14,83
3549,Student_3549,12,71
3550,Student_3550,15,62
3551,Student_3551,17,15
3552,Student_3552,11,48
3553,Student_3553,15,78
3554,Student_3554,14,30
3555,Student_3555,11,31
3556,Student_3556,15,0
3557,Student_3557,12,17
3558,Student_3558,14,88
3559,Student_3559,10,44
3560,Student_3560,14,99
3561,Student_3561,12,39
3562,Student_3562,17,72
3563,Student_3563,10,28
3564,Student_3564,13,36
3565,Student_3565,14,19
3566,Student_3566,16,35
3567,Student_3567,15,55
3568,Student_3568,16,100
3569,Student_3569,16,67
3570,Student_3570,17,20
3571,Student_3571,12,4
3572,Student_3572,14,12
3573,Student_3573,17,56
3574,Student_3574,18,77
3575,Student_3575,18,94
3576,Student_3576,13,1
3577,Student_3577,11,52
3578,Student_3578,14,47
3579,Student_3579,16,66
3580,Student_3580,14,56
3581,Student_3581,14,69
3582,Student_3582,17,66
3583,Student_3583,13,11
3584,Student_3584,17,80
3585,Student_3585,13,12
3586,Student_3586,12,70
3587,Student_3587,14,42
3588,Student_3588,16,51
3589,Student_3589,11,91
3590,Student_3590,11,89
3591,Student_3591,18,82
3592,Student_3592,11,51
3593,Student_3593,15,74
3594,Student_3594,15,51
3595,Student_3595,14,87
3596,Student_3596,15,40
3597,Student_3597,12,97
3598,Student_3598,14,94
3599,Student_3599,13,74
3600,Student_3600,15,28
3601,Student_3601,11,13
3602,Student_3602,15,86
3603,Student_3603,11,16
3604,Student_3604,12,86
3605,Student_3605,11,49
3606,Student_3606,11,41
3607,Student_3607,17,91
3608,Student_3608,12,60
3609,Student_3609,18,58
3610,Student_3610,18,56
3611,Student_3611,15,37
3612,Student_3612,11,79
3613,Student_3613,13,25
3614,Student_3614,17,94
3615,Student_3615,13,90
3616,Student_3616,10,34
3617,Student_3617,15,73
3618,Student_3618,17,57
3619,Student_3619,17,34
3620,Student_3620,11,99
3621,Student_3621,16,2
3622,Student_3622,11,25
3623,Student_3623,11,52
3624,Student_3624,17,52
3625,Student_3625,12,59
3626,Student_3626,12,75
3627,Student_3627,10,62
3628,Student_3628,17,60
3629,Student_3629,17,5
3630,Student_3630,15,38
3631,Student_3631,16,23
3632,Student_3632,11,26
3633,Student_3633,14,55
3634,Student_3634,13,20
3635,Student_3635,10,29
3636,Student_3636,14,23
3637,Student_3637,18,95
3638,Student_3638,10,95
3639,Student_3639,12,61
3640,Student_3640,11,93
3641,Student_3641,12,79
3642,Student_3642,18,59
3643,Student_3643,14,0
3644,Student_3644,14,78
3645,Student_3645,16,70
3646,Student_3646,11,62
3647,Student_3647,14,76
3648,Student_3648,13,51
3649,Student_3649,15,71
3650,Student_3650,18,94
3651,Student_3651,16,37
3652,Student_3652,13,71
3653,Student_3653,17,48
3654,Student_3654,11,68
3655,Student_3655,10,77
3656,Student_3656,11,4
3657,Student_3657,13,65
3658,Student_3658,14,22
3659,Student_3659,15,67
3660,Student_3660,18,47
3661,Student_3661,14,78
3662,Student_3662,14,12
3663,Student_3663,10,63
3664,Student_3664,10,28
3665,Student_3665,14,86
3666,Student_3666,13,93
3667,Student_3667,17,100
3668,Student_3668,11,80
3669,Student_3669,10,76
3670,Student_3670,14,21
3671,Student_3671,12,33
3672,Student_3672,10,47
3673,Student_3673,16,78
3674,Student_3674,11,92
3675,Student_3675,15,19
3676,Student_3676,12,93
3677,Student_3677,11,70
3678,Student_3678,13,61
3679,Student_3679,17,20
3680,Student_3680,13,5
3681,Student_3681,16,57
3682,Student_3682,11,65
3683,Student_3683,16,21
3684,Student_3684,12,56
3685,Student_3685,16,86
3686,Student_3686,15,84
3687,Student_3687,18,93
3688,Student_3688,13,36
3689,Student_3689,10,32
3690,Student_3690,10,75
3691,Student_3691,17,43
3692,Student_3692,14,8
3693,Student_3693,16,28
3694,Student_3694,12,42
3695,Student_3695,13,29
3696,Student_3696,10,33
3697,Student_3697,18,29
3698,Student_3698,16,4
3699,Student_3699,18,64
3700,Student_3700,12,60
3701,Student_3701,15,65
3702,Student_3702,16,19
3703,Student_3703,12,29
3704,Student_3704,17,62
3705,Student_3705,18,60
3706,Student_3706,17,51
3707,Student_3707,16,35
3708,Student_3708,12,92
3709,Student_3709,12,34
3710,Student_3710,18,46
3711,Student_3711,10,68
3712,Student_3712,16,54
3713,Student_3713,16,35
3714,Student_3714,15,44
3715,Student_3715,18,80
3716,Student_3716,12,28
3717,Student_3717,13,14
3718,Student_3718,10,31
3719,Student_3719,13,85
3720,Student_3720,12,8
3721,Student_3721,13,100
3722,Student_3722,17,54
3723,Student_3723,18,99
3724,Student_3724,11,94
3725,Student_3725,13,45
3726,Student_3726,18,20
3727,Student_3727,10,16
3728,Student_3728,10,24
3729,Student_3729,11,71
3730,Student_3730,15,27
3731,Student_3731,11,34
3732,Student_3732,18,45
3733,Student_3733,14,92
3734,Student_3734,14,19
3735,Student_3735,12,0
3736,Student_3736,14,6
3737,Student_3737,15,91
3738,Student_3738,16,65
3739,Student_3739,16,27
3740,Student_3740,15,17
3741,Student_3741,18,29
3742,Student_3742,17,11
3743,Student_3743,16,95
3744,Student_3744,10,79
3745,Student_3745,10,46
3746,Student_3746,11,87
3747,Student_3747,15,25
3748,Student_3748,13,72
3749,Student_3749,13,86
3750,Student_3750,17,36
3751,Student_3751,18,76
3752,Student_3752,18,29
3753,Student_3753,12,30
3754,Student_3754,16,10
3755,Student_3755,12,44
3756,Student_3756,11,73
3757,Student_3757,11,94
3758,Student_3758,13,60
3759,Student_3759,13,87
3760,Student_3760,17,83
3761,Student_3761,11,17
3762,Student_3762,16,49
3763,Student_3763,14,11
3764,Student_3764,12,68
3765,Student_3765,14,95
3766,Student_3766,12,13
3767,Student_3767,15,74
3768,Student_3768,13,63
3769,Student_3769,11,58
3770,Student_3770,11,39
3771,Student_3771,14,35
3772,Student_3772,18,4
3773,Student_3773,13,22
3774,Student_3774,16,1
3775,Student_3775,15,58
3776,Student_3776,18,10
3777,Student_3777,17,88
3778,Student_3778,15,52
3779,Student_3779,15,70
3780,Student_3780,18,41
3781,Student_3781,13,56
3782,Student_3782,12,95
3783,Student_3783,10,8
3784,Student_3784,17,25
3785,Student_3785,17,78
3786,Student_3786,10,9
3787,Student_3787,15,7
3788,Student_3788,14,36
3789,Student_3789,11,9
3790,Student_3790,18,59
3791,Student_3791,11,22
3792,Student_3792,10,90
3793,Student_3793,15,79
3794,Student_3794,16,70
3795,Student_3795,10,62
3796,Student_3796,15,87
3797,Student_3797,14,22
3798,Student_3798,10,88
3799,Student_3799,11,79
3800,Student_3800,15,75
3801,Student_3801,12,56
3802,Student_3802,18,24
3803,Student_3803,17,42
3804,Student_3804,18,80
3805,Student_3805,12,3
3806,Student_3806,18,78
3807,Student_3807,13,24
3808,Student_3808,13,14
3809,Student_3809,10,11
3810,Student_3810,10,2
3811,Student_3811,16,52
3812,Student_3812,14,22
3813,Student_3813,12,99
3814,Student_3814,15,58
3815,Student_3815,12,13
3816,Student_3816,15,69
3817,Student_3817,13,90
3818,Student_3818,17,75
3819,Student_3819,17,7
3820,Student_3820,14,90
3821,Student_3821,13,80
3822,Student_3822,13,15
3823,Student_3823,17,5
3824,Student_3824,12,56
3825,Student_3825,11,15
3826,Student_3826,10,84
3827,Student_3827,14,36
3828,Student_3828,14,92
3829,Student_3829,17,57
3830,Student_3830,11,18
3831,Student_3831,13,14
3832,Student_3832,17,58
3833,Student_3833,17,76
3834,Student_3834,13,78
3835,Student_3835,14,27
3836,Student_3836,12,20
3837,Student_3837,18,1
3838,Student_3838,11,68
3839,Student_3839,18,7
3840,Student_3840,16,42
3841,Student_3841,14,60
3842,Student_3842,10,94
3843,Student_3843,14,31
3844,Student_3844,13,25
3845,Student_3845,11,66
3846,Student_3846,15,62
3847,Student_3847,18,33
3848,Student_3848,15,93
3849,Student_3849,16,85
3850,Student_3850,10,22
3851,Student_3851,13,24
3852,Student_3852,11,51
3853,Student_3853,15,78
3854,Student_3854,18,4
3855,Student_3855,15,70
3856,Student_3856,10,65
3857,Student_3857,13,23
3858,Student_3858,14,68
3859,Student_3859,13,94
3860,Student_3860,17,4
3861,Student_3861,17,32
3862,Student_3862,15,44
3863,Student_3863,13,90
3864,Student_3864,12,97
3865,Student_3865,10,44
3866,Student_3866,13,75
3867,Student_3867,13,53
3868,Student_3868,16,54
3869,Student_3869,15,28
3870,Student_3870,10,21
3871,Student_3871,13,29
3872,Student_3872,11,56
3873,Student_3873,11,2
3874,Student_3874,17,91
3875,Student_3875,10,15
3876,Student_3876,13,22
3877,Student_3877,11,52
3878,Student_3878,17,71
3879,Student_3879,15,9
3880,Student_3880,12,32
3881,Student_3881,14,97
3882,Student_3882,16,26
3883,Student_3883,18,31
3884,Student_3884,11,84
3885,Student_3885,17,5
3886,Student_3886,18,46
3887,Student_3887,18,38
3888,Student_3888,15,31
3889,Student_3889,15,28
3890,Student_3890,13,9
3891,Student_3891,16,31
3892,Student_3892,14,4
3893,Student_3893,16,78
3894,Student_3894,13,40
3895,Student_3895,16,44
3896,Student_3896,17,90
3897,Student_3897,11,66
3898,Student_3898,17,0
3899,Student_3899,14,95
3900,Student_3900,17,23
3901,Student_3901,13,10
3902,Student_3902,13,77
3903,Student_3903,18,50
3904,Student_3904,12,43
3905,Student_3905,17,25
3906,Student_3906,14,55
3907,Student_3907,14,27
3908,Student_3908,12,91
3909,Student_3909,15,21
3910,Student_3910,12,89
3911,Student_3911,10,56
3912,Student_3912,12,83
3913,Student_3913,10,71
3914,Student_3914,18,70
3915,Student_3915,18,32
3916,Student_3916,13,23
3917,Student_3917,16,21
3918,Student_3918,13,86
3919,Student_3919,16,82
3920,Student_3920,17,44
3921,Student_3921,18,13
3922,Student_3922,13,38
3923,Student_3923,17,62
3924,Student_3924,12,45
3925,Student_3925,18,78
3926,Student_3926,10,100
3927,Student_3927,15,19
3928,Student_3928,15,46
3929,Student_3929,16,43
3930,Student_3930,11,30
3931,Student_3931,18,20
3932,Student_3932,11,6
3933,Student_3933,15,89
3934,Student_3934,12,42
3935,Student_3935,12,50
3936,Student_3936,14,92
3937,Student_3937,13,78
3938,Student_3938,11,13
3939,Student_3939,11,57
3940,Student_3940,13,44
3941,Student_3941,16,80
3942,Student_3942,18,73
3943,Student_3943,10,69
3944,Student_3944,13,34
3945,Student_3945,10,81
3946,Student_3946,10,5
3947,Student_3947,15,16
3948,Student_3948,15,33
3949,Student_3949,11,7
3950,Student_3950,12,23
3951,Student_3951,10,83
3952,Student_3952,17,95
3953,Student_3953,18,30
3954,Student_3954,11,26
3955,Student_3955,12,28
3956,Student_3956,17,28
3957,Student_3957,18,3
3958,Student_3958,13,93
3959,Student_3959,10,21
3960,Student_3960,10,42
3961,Student_3961,15,0
3962,Student_3962,13,86
3963,Student_3963,10,73
3964,Student_3964,15,95
3965,Student_3965,10,78
3966,Student_3966,17,31
3967,Student_3967,12,25
3968,Student_3968,10,70
3969,Student_3969,15,36
3970,Student_3970,13,57
3971,Student_3971,18,0
3972,Student_3972,14,6
3973,Student_3973,12,54
3974,Student_3974,16,57
3975,Student_3975,12,75
3976,Student_3976,18,13
3977,Student_3977,13,51
3978,Student_3978,14,19
3979,Student_3979,10,9
3980,Student_3980,13,41
3981,Student_3981,17,16
3982,Student_3982,17,22
3983,Student_3983,12,32
3984,Student_3984,12,26
3985,Student_3985,17,8
3986,Student_3986,18,9
3987,Student_3987,10,19
3988,Student_3988,14,5
3989,Student_3989,13,63
3990,Student_3990,17,29
3991,Student_3991,10,28
3992,Student_3992,11,33
3993,Student_3993,16,66
3994,Student_3994,10,87
3995,Student_3995,14,76
3996,Student_3996,13,73
3997,Student_3997,13,48
3998,Student_3998,13,70
3999,Student_3999,14,55
4000,Student_4000,11,21
4001,Student_4001,15,21
4002,Student_4002,17,29
4003,Student_4003,16,91
4004,Student_4004,11,55
4005,Student_4005,11,74
4006,Student_4006,12,35
4007,Student_4007,13,41
4008,Student_4008,13,12
4009,Student_4009,16,17
4010,Student_4010,10,83
4011,Student_4011,10,59
4012,Student_4012,13,34
4013,Student_4013,16,81
4014,Student_4014,11,24
4015,Student_4015,15,98
4016,Student_4016,12,34
4017,Student_4017,17,34
4018,Student_4018,18,31
4019,Student_4019,12,12
4020,Student_4020,12,11
4021,Student_4021,13,65
4022,Student_4022,12,88
4023,Student_4023,16,79
4024,Student_4024,17,14
4025,Student_4025,16,55
4026,Student_4026,17,10
4027,Student_4027,13,4
4028,Student_4028,11,66
4029,Student_4029,16,54
4030,Student_4030,13,8
4031,Student_4031,16,3
4032,Student_4032,12,99
4033,Student_4033,10,3
4034,Student_4034,18,44
4035,Student_4035,11,50
4036,Student_4036,18,11
4037,Student_4037,18,17
4038,Student_4038,17,35
4039,Student_4039,15,76
4040,Student_4040,15,51
4041,Student_4041,17,64
4042,Student_4042,12,99
4043,Student_4043,14,77
4044,Student_4044,15,43
4045,Student_4045,13,45
4046,Student_4046,13,62
4047,Student_4047,12,67
4048,Student_4048,15,50
4049,Student_4049,17,65
4050,Student_4050,11,2
4051,Student_4051,18,43
4052,Student_4052,16,28
4053,Student_4053,17,13
4054,Student_4054,15,10
4055,Student_4055,17,60
4056,Student_4056,10,52
4057,Student_4057,17,25
4058,Student_4058,10,47
4059,Student_4059,18,49
4060,Student_4060,18,19
4061,Student_4061,12,65
4062,Student_4062,11,78
4063,Student_4063,16,79
4064,Student_4064,12,60
4065,Student_4065,17,51
4066,Student_4066,10,6
4067,Student_4067,11,29
4068,Student_4068,18,9
4069,Student_4069,16,97
4070,Student_4070,17,13
4071,Student_4071,12,15
4072,Student_4072,16,89
4073,Student_4073,15,95
4074,Student_4074,15,77
4075,Student_4075,16,0
4076,Student_4076,15,0
4077,Student_4077,13,38
4078,Student_4078,12,14
4079,Student_4079,16,1
4080,Student_4080,12,46
4081,Student_4081,16,95
4082,Student_4082,12,32
4083,Student_4083,15,66
4084,Student_4084,16,65
4085,Student_4085,11,25
4086,Student_4086,10,65
4087,Student_4087,11,21
4088,Student_4088,15,12
4089,Student_4089,17,70
4090,Student_4090,10,11
4091,Student_4091,16,100
4092,Student_4092,13,18
4093,Student_4093,14,60
4094,Student_4094,18,41
4095,Student_4095,12,12
4096,Student_4096,14,2
4097,Student_4097,10,62
4098,Student_4098,10,81
4099,Student_4099,12,85
4100,Student_4100,10,48
4101,Student_4101,15,78
4102,Student_4102,13,67
4103,Student_4103,14,73
4104,Student_4104,11,49
4105,Student_4105,12,63
4106,Student_4106,15,81
4107,Student_4107,18,40
4108,Student_4108,10,81
4109,Student_4109,18,59
4110,Student_4110,15,16
4111,Student_4111,15,2
4112,Student_4112,14,36
4113,Student_4113,10,55
4114,Student_4114,10,84
4115,Student_4115,15,12
4116,Student_4116,13,80
4117,Student_4117,18,87
4118,Student_4118,13,15
4119,Student_4119,11,86
4120,Student_4120,16,100
4121,Student_4121,12,73
4122,Student_4122,14,79
4123,Student_4123,16,100
4124,Student_4124,18,61
4125,Student_4125,17,31
4126,Student_4126,16,84
4127,Student_4127,16,62
4128,Student_4128,18,58
4129,Student_4129,12,25
4130,Student_4130,10,76
4131,Student_4131,12,8
4132,Student_4132,11,93
4133,Student_4133,15,32
4134,Student_4134,15,12
4135,Student_4135,15,44
4136,Student_4136,10,4
4137,Student_4137,16,69
4138,Student_4138,12,91
4139,Student_4139,15,84
4140,Student_4140,15,12
4141,Student_4141,13,12
4142,Student_4142,11,82
4143,Student_4143,10,93
4144,Student_4144,17,46
4145,Student_4145,18,50
4146,Student_4146,15,32
4147,Student_4147,10,90
4148,Student_4148,13,65
4149,Student_4149,16,29
4150,Student_4150,17,30
4151,Student_4151,11,90
4152,Student_4152,10,1
4153,Student_4153,16,32
4154,Student_4154,13,55
4155,Student_4155,12,14
4156,Student_4156,10,9
4157,Student_4157,14,82
4158,Student_4158,17,90
4159,Student_4159,18,83
4160,Student_4160,15,90
4161,Student_4161,14,55
4162,Student_4162,10,82
4163,Student_4163,14,38
4164,Student_4164,13,67
4165,Student_4165,15,99
4166,Student_4166,13,22
4167,Student_4167,12,39
4168,Student_4168,10,48
4169,Student_4169,12,13
4170,Student_4170,10,8
4171,Student_4171,11,83
4172,Student_4172,18,98
4173,Student_4173,13,40
4174,Student_4174,14,8
4175,Student_4175,17,6
4176,Student_4176,18,90
4177,Student_4177,15,46
4178,Student_4178,17,32
4179,Student_4179,12,48
4180,Student_4180,12,32
4181,Student_4181,13,49
4182,Student_4182,16,86
4183,Student_4183,16,59
4184,Student_4184,12,70
4185,Student_4185,11,36
4186,Student_4186,15,74
4187,Student_4187,11,67
4188,Student_4188,15,12
4189,Student_4189,16,57
4190,Student_4190,16,25
4191,Student_4191,16,81
4192,Student_4192,17,43
4193,Student_4193,14,100
4194,Student_4194,16,9
4195,Student_4195,15,78
4196,Student_4196,11,68
4197,Student_4197,10,77
4198,Student_4198,12,31
4199,Student_4199,13,49
4200,Student_4200,15,80
4201,Student_4201,17,23
4202,Student_4202,11,22
4203,Student_4203,11,55
4204,Student_4204,18,52
4205,Student_4205,10,28
4206,Student_4206,14,30
4207,Student_4207,15,28
4208,Student_4208,14,77
4209,Student_4209,10,65
4210,Student_4210,10,84
4211,Student_4211,10,98
4212,Student_4212,15,47
4213,Student_4213,14,6
4214,Student_4214,12,4
4215,Student_4215,15,29
4216,Student_4216,17,94
4217,Student_4217,10,52
4218,Student_4218,14,27
4219,Student_4219,16,40
4220,Student_4220,12,60
4221,Student_4221,12,65
4222,Student_4222,15,15
4223,Student_4223,18,98
4224,Student_4224,17,55
4225,Student_4225,15,13
4226,Student_4226,16,90
4227,Student_4227,13,7
4228,Student_4228,15,91
4229,Student_4229,14,100
4230,Student_4230,11,70
4231,Student_4231,16,77
4232,Student_4232,15,34
4233,Student_4233,13,95
4234,Student_4234,18,53
4235,Student_4235,10,73
4236,Student_4236,12,93
4237,Student_4237,10,98
4238,Student_4238,16,84
4239,Student_4239,16,30
4240,Student_4240,12,97
4241,Student_4241,16,63
4242,Student_4242,13,93
4243,Student_4243,16,68
4244,Student_4244,14,31
4245,Student_4245,13,37
4246,Student_4246,18,55
4247,Student_4247,12,79
4248,Student_4248,11,32
4249,Student_4249,15,58
4250,Student_4250,18,34
4251,Student_4251,13,82
4252,Student_4252,10,47
4253,Student_4253,13,7
4254,Student_4254,14,16
4255,Student_4255,11,6
4256,Student_4256,15,50
4257,Student_4257,18,10
4258,Student_4258,14,11
4259,Student_4259,13,95
4260,Student_4260,13,88
4261,Student_4261,11,45
4262,Student_4262,17,99
4263,Student_4263,13,0
4264,Student_4264,13,62
4265,Student_4265,15,62
4266,Student_4266,13,46
4267,Student_4267,15,40
4268,Student_4268,10,45
4269,Student_4269,17,41
4270,Student_4270,18,73
4271,Student_4271,15,13
4272,Student_4272,18,19
4273,Student_4273,11,18
4274,Student_4274,14,26
4275,Student_4275,15,53
4276,Student_4276,15,11
4277,Student_4277,13,87
4278,Student_4278,13,30
4279,Student_4279,11,16
4280,Student_4280,13,68
4281,Student_4281,11,3
4282,Student_4282,16,62
4283,Student_4283,11,70
4284,Student_4284,10,21
4285,Student_4285,14,4
4286,Student_4286,15,36
4287,Student_4287,17,9
4288,Student_4288,15,11
4289,Student_4289,13,25
4290,Student_4290,17,29
4291,Student_4291,14,53
4292,Student_4292,10,68
4293,Student_4293,15,59
4294,Student_4294,18,14
4295,Student_4295,13,17
4296,Student_4296,12,88
4297,Student_4297,11,56
4298,Student_4298,11,87
4299,Student_4299,13,37
4300,Student_4300,15,62
4301,Student_4301,10,52
4302,Student_4302,18,32
4303,Student_4303,16,47
4304,Student_4304,15,50
4305,Student_4305,17,20
4306,Student_4306,10,31
4307,Student_4307,14,79
4308,Student_4308,15,92
4309,Student_4309,17,36
4310,Student_4310,17,31
4311,Student_4311,12,19
4312,Student_4312,18,68
4313,Student_4313,11,32
4314,Student_4314,17,99
4315,Student_4315,18,32
4316,Student_4316,11,39
4317,Student_4317,16,60
4318,Student_4318,10,80
4319,Student_4319,13,47
4320,Student_4320,14,42
4321,Student_4321,15,100
4322,Student_4322,18,1
4323,Student_4323,16,90
4324,Student_4324,14,15
4325,Student_4325,17,79
4326,Student_4326,18,62
4327,Student_4327,10,34
4328,Student_4328,18,88
4329,Student_4329,10,1
4330,Student_4330,17,22
4331,Student_4331,12,57
4332,Student_4332,11,35
4333,Student_4333,13,61
4334,Student_4334,15,2
4335,Student_4335,13,11
4336,Student_4336,10,12
4337,Student_4337,15,19
4338,Student_4338,18,46
4339,Student_4339,13,75
4340,Student_4340,11,91
4341,Student_4341,13,84
4342,Student_4342,10,19
4343,Student_4343,17,44
4344,Student_4344,17,20
4345,Student_4345,15,26
4346,Student_4346,13,50
4347,Student_4347,17,6
4348,Student_4348,14,22
4349,Student_4349,17,94
4350,Student_4350,15,47
4351,Student_4351,17,44
4352,Student_4352,15,1
4353,Student_4353,13,24
4354,Student_4354,18,87
4355,Student_4355,14,16
4356,Student_4356,15,41
4357,Student_4357,11,1
4358,Student_4358,15,48
4359,Student_4359,15,2
4360,Student_4360,11,82
4361,Student_4361,10,83
4362,Student_4362,15,79
4363,Student_4363,16,28
4364,Student_4364,14,84
4365,Student_4365,12,54
4366,Student_4366,15,37
4367,Student_4367,10,63
4368,Student_4368,13,1
4369,Student_4369,11,14
4370,Student_4370,11,74
4371,Student_4371,11,24
4372,Student_4372,13,60
4373,Student_4373,10,38
4374,Student_4374,13,86
4375,Student_4375,14,96
4376,Student_4376,14,89
4377,Student_4377,13,27
4378,Student_4378,17,19
4379,Student_4379,11,47
4380,Student_4380,14,0
4381,Student_4381,10,2
4382,Student_4382,10,55
4383,Student_4383,15,52
4384,Student_4384,15,100
4385,Student_4385,17,20
4386,Student_4386,15,26
4387,Student_4387,18,11
4388,Student_4388,10,92
4389,Student_4389,10,78
4390,Student_4390,10,83
4391,Student_4391,11,91
4392,Student_4392,14,53
4393,Student_4393,15,45
4394,Student_4394,10,33
4395,Student_4395,18,59
4396,Student_4396,17,45
4397,Student_4397,12,45
4398,Student_4398,10,94
4399,Student_4399,11,99
4400,Student_4400,11,80
4401,Student_4401,11,76
4402,Student_4402,14,68
4403,Student_4403,12,16
4404,Student_4404,13,5
4405,Student_4405,18,69
4406,Student_4406,16,73
4407,Student_4407,18,4
4408,Student_4408,11,93
4409,Student_4409,13,9
4410,Student_4410,14,28
4411,Student_4411,10,67
4412,Student_4412,10,17
4413,Student_4413,16,5
4414,Student_4414,15,33
4415,Student_4415,13,77
4416,Student_4416,14,41
4417,Student_4417,13,65
4418,Student_4418,10,58
4419,Student_4419,13,2
4420,Student_4420,11,99
4421,Student_4421,10,4
4422,Student_4422,18,97
4423,Student_4423,15,55
4424,Student_4424,16,97
4425,Student_4425,12,11
4426,Student_4426,13,49
4427,Student_4427,12,17
4428,Student_4428,10,5
4429,Student_4429,11,62
4430,Student_4430,17,20
4431,Student_4431,16,59
4432,Student_4432,14,11
4433,Student_4433,14,33
4434,Student_4434,18,78
4435,Student_4435,10,44
4436,Student_4436,12,63
4437,Student_4437,13,65
4438,Student_4438,17,85
4439,Student_4439,18,32
4440,Student_4440,12,69
4441,Student_4441,17,97
4442,Student_4442,17,73
4443,Student_4443,12,49
4444,Student_4444,13,63
4445,Student_4445,13,74
4446,Student_4446,18,61
4447,Student_4447,11,1
4448,Student_4448,17,19
4449,Student_4449,13,81
4450,Student_4450,16,27
4451,Student_4451,13,73
4452,Student_4452,15,37
4453,Student_4453,17,52
4454,Student_4454,17,6
4455,Student_4455,17,18
4456,Student_4456,10,96
4457,Student_4457,16,89
4458,Student_4458,11,65
4459,Student_4459,13,46
4460,Student_4460,14,68
4461,Student_4461,13,62
4462,Student_4462,14,57
4463,Student_4463,18,5
4464,Student_4464,11,63
4465,Student_4465,16,77
4466,Student_4466,13,100
4467,Student_4467,11,1
4468,Student_4468,11,73
4469,Student_4469,18,57
4470,Student_4470,17,43
4471,Student_4471,18,12
4472,Student_4472,18,41
4473,Student_4473,11,35
4474,Student_4474,13,30
4475,Student_4475,16,73
4476,Student_4476,14,70
4477,Student_4477,13,59
4478,Student_4478,13,94
4479,Student_4479,15,35
4480,Student_4480,15,24
4481,Student_4481,11,66
4482,Student_4482,14,20
4483,Student_4483,14,31
4484,Student_4484,15,22
4485,Student_4485,11,6
4486,Student_4486,16,83
4487,Student_4487,10,25
4488,Student_4488,13,47
4489,Student_4489,17,4
4490,Student_4490,15,70
4491,Student_4491,12,33
4492,Student_4492,16,75
4493,Student_4493,15,41
4494,Student_4494,17,19
4495,Student_4495,16,51
4496,Student_4496,15,13
4497,Student_4497,14,44
4498,Student_4498,11,32
4499,Student_4499,12,92
4500,Student_4500,13,6
4501,Student_4501,15,70
4502,Student_4502,14,18
4503,Student_4503,12,32
4504,Student_4504,10,41
4505,Student_4505,14,91
4506,Student_4506,12,24
4507,Student_4507,16,9
4508,Student_4508,10,32
4509,Student_4509,15,10
4510,Student_4510,18,12
4511,Student_4511,11,57
4512,Student_4512,14,6
4513,Student_4513,10,3
4514,Student_4514,15,72
4515,Student_4515,14,36
4516,Student_4516,13,12
4517,Student_4517,14,25
4518,Student_4518,18,64
4519,Student_4519,11,27
4520,Student_4520,10,49
4521,Student_4521,17,12
4522,Student_4522,15,59
4523,Student_4523,18,31
4524,Student_4524,15,63
4525,Student_4525,17,81
4526,Student_4526,13,61
4527,Student_4527,16,29
4528,Student_4528,18,25
4529,Student_4529,15,33
4530,Student_4530,11,16
4531,Student_4531,12,18
4532,Student_4532,11,79
4533,Student_4533,12,38
4534,Student_4534,12,44
4535,Student_4535,14,59
4536,Student_4536,15,59
4537,Student_4537,13,6
4538,Student_4538,15,83
4539,Student_4539,10,17
4540,Student_4540,10,73
4541,Student_4541,11,78
4542,Student_4542,14,72
4543,Student_4543,11,58
4544,Student_4544,12,1
4545,Student_4545,13,36
4546,Student_4546,17,61
4547,Student_4547,10,39
4548,Student_4548,15,87
4549,Student_4549,16,31
4550,Student_4550,17,29
4551,Student_4551,18,26
4552,Student_4552,10,33
4553,Student_4553,11,56
4554,Student_4554,17,71
4555,Student_4555,14,66
4556,Student_4556,15,81
4557,Student_4557,15,89
4558,Student_4558,16,82
4559,Student_4559,18,1
4560,Student_4560,18,74
4561,Student_4561,16,21
4562,Student_4562,12,13
4563,Student_4563,17,64
4564,Student_4564,10,32
4565,Student_4565,12,5
4566,Student_4566,18,13
4567,Student_4567,12,0
4568,Student_4568,11,91
4569,Student_4569,11,2
4570,Student_4570,17,21
4571,Student_4571,14,42
4572,Student_4572,16,36
4573,Student_4573,12,92
4574,Student_4574,16,4
4575,Student_4575,16,51
4576,Student_4576,12,68
4577,Student_4577,13,94
4578,Student_4578,11,62
4579,Student_4579,18,81
4580,Student_4580,15,8
4581,Student_4581,18,38
4582,Student_4582,12,37
4583,Student_4583,17,89
4584,Student_4584,16,15
4585,Student_4585,16,15
4586,Student_4586,18,33
4587,Student_4587,13,5
4588,Student_4588,11,18
4589,Student_4589,16,97
4590,Student_4590,16,43
4591,Student_4591,15,63
4592,Student_4592,11,73
4593,Student_4593,14,37
4594,Student_4594,12,14
4595,Student_4595,13,20
4596,Student_4596,15,31
4597,Student_4597,16,64
4598,Student_4598,12,40
4599,Student_4599,13,0
4600,Student_4600,12,52
4601,Student_4601,11,93
4602,Student_4602,17,82
4603,Student_4603,18,83
4604,Student_4604,13,80
4605,Student_4605,16,32
4606,Student_4606,18,77
4607,Student_4607,17,14
4608,Student_4608,11,66
4609,Student_4609,18,64
4610,Student_4610,13,2
4611,Student_4611,13,79
4612,Student_4612,10,91
4613,Student_4613,14,27
4614,Student_4614,10,82
4615,Student_4615,12,8
4616,Student_4616,12,60
4617,Student_4617,17,49
4618,Student_4618,17,55
4619,Student_4619,12,93
4620,Student_4620,17,88
4621,Student_4621,17,79
4622,Student_4622,16,27
4623,Student_4623,11,92
4624,Student_4624,16,9
4625,Student_4625,18,86
4626,Student_4626,16,33
4627,Student_4627,12,5
4628,Student_4628,14,67
4629,Student_4629,15,23
4630,Student_4630,14,24
4631,Student_4631,11,30
4632,Student_4632,12,6
4633,Student_4633,17,17
4634,Student_4634,17,0
4635,Student_4635,11,44
4636,Student_4636,18,8
4637,Student_4637,12,68
4638,Student_4638,15,23
4639,Student_4639,16,95
4640,Student_4640,17,87
4641,Student_4641,18,29
4642,Student_4642,12,79
4643,Student_4643,17,81
4644,Student_4644,11,99
4645,Student_4645,16,60
4646,Student_4646,16,8
4647,Student_4647,16,65
4648,Student_4648,12,63
4649,Student_4649,17,64
4650,Student_4650,11,31
4651,Student_4651,10,86
4652,Student_4652,16,96
4653,Student_4653,14,21
4654,Student_4654,17,8
4655,Student_4655,13,19
4656,Student_4656,11,82
4657,Student_4657,17,68
4658,Student_4658,14,64
4659,Student_4659,11,40
4660,Student_4660,16,58
4661,Student_4661,14,31
4662,Student_4662,15,48
4663,Student_4663,14,80
4664,Student_4664,17,99
4665,Student_4665,17,94
4666,Student_4666,16,94
4667,Student_4667,10,40
4668,Student_4668,17,47
4669,Student_4669,16,71
4670,Student_4670,16,93
4671,Student_4671,13,14
4672,Student_4672,17,30
4673,Student_4673,16,14
4674,Student_4674,11,61
4675,Student_4675,13,30
4676,Student_4676,17,32
4677,Student_4677,10,7
4678,Student_4678,18,35
4679,Student_4679,16,87
4680,Student_4680,15,23
4681,Student_4681,12,70
4682,Student_4682,12,63
4683,Student_4683,18,87
4684,Student_4684,12,13
4685,Student_4685,16,98
4686,Student_4686,13,58
4687,Student_4687,11,100
4688,Student_4688,10,92
4689,Student_4689,14,22
4690,Student_4690,18,5
4691,Student_4691,13,25
4692,Student_4692,13,53
4693,Student_4693,13,17
4694,Student_4694,14,16
4695,Student_4695,13,46
4696,Student_4696,17,3
4697,Student_4697,14,12
4698,Student_4698,14,42
4699,Student_4699,11,6
4700,Student_4700,18,40
4701,Student_4701,12,47
4702,Student_4702,10,45
4703,Student_4703,15,87
4704,Student_4704,15,53
4705,Student_4705,13,47
4706,Student_4706,13,41
4707,Student_4707,17,82
4708,Student_4708,11,90
4709,Student_4709,17,86
4710,Student_4710,15,68
4711,Student_4711,13,13
4712,Student_4712,14,27
4713,Student_4713,12,4
4714,Student_4714,16,94
4715,Student_4715,14,66
4716,Student_4716,12,75
4717,Student_4717,15,31
4718,Student_4718,18,85
4719,Student_4719,13,26
4720,Student_4720,18,0
4721,Student_4721,13,38
4722,Student_4722,10,57
4723,Student_4723,11,48
4724,Student_4724,13,87
4725,Student_4725,11,10
4726,Student_4726,10,55
4727,Student_4727,18,51
4728,Student_4728,17,28
4729,Student_4729,16,83
4730,Student_4730,11,76
4731,Student_4731,11,74
4732,Student_4732,10,88
4733,Student_4733,16,73
4734,Student_4734,18,23
4735,Student_4735,13,71
4736,Student_4736,11,31
4737,Student_4737,14,24
4738,Student_4738,13,7
4739,Student_4739,13,75
4740,Student_4740,15,71
4741,Student_4741,16,23
4742,Student_4742,10,75
4743,Student_4743,10,92
4744,Student_4744,18,10
4745,Student_4745,12,23
4746,Student_4746,10,75
4747,Student_4747,11,27
4748,Student_4748,10,63
4749,Student_4749,13,8
4750,Student_4750,17,45
4751,Student_4751,13,74
4752,Student_4752,13,69
4753,Student_4753,16,82
4754,Student_4754,14,88
4755,Student_4755,17,78
4756,Student_4756,17,67
4757,Student_4757,10,3
4758,Student_4758,17,54
4759,Student_4759,14,3
4760,Student_4760,18,81
4761,Student_4761,14,32
4762,Student_4762,18,56
4763,Student_4763,16,28
4764,Student_4764,12,79
4765,Student_4765,14,89
4766,Student_4766,18,40
4767,Student_4767,17,87
4768,Student_4768,10,26
4769,Student_4769,16,54
4770,Student_4770,13,86
4771,Student_4771,10,32
4772,Student_4772,13,96
4773,Student_4773,12,12
4774,Student_4774,17,1
4775,Student_4775,13,91
4776,Student_4776,17,6
4777,Student_4777,10,100
4778,Student_4778,12,96
4779,Student_4779,12,13
4780,Student_4780,12,54
4781,Student_4781,10,18
4782,Student_4782,11,43
4783,Student_4783,14,6
4784,Student_4784,12,22
4785,Student_4785,13,36
4786,Student_4786,13,44
4787,Student_4787,17,98
4788,Student_4788,18,81
4789,Student_4789,14,74
4790,Student_4790,12,54
4791,Student_4791,10,84
4792,Student_4792,18,34
4793,Student_4793,10,71
4794,Student_4794,12,100
4795,Student_4795,12,31
4796,Student_4796,12,68
4797,Student_4797,11,85
4798,Student_4798,17,92
4799,Student_4799,11,72
4800,Student_4800,15,28
4801,Student_4801,11,32
4802,Student_4802,10,2
4803,Student_4803,18,76
4804,Student_4804,11,4
4805,Student_4805,17,87
4806,Student_4806,14,11
4807,Student_4807,10,17
4808,Student_4808,18,48
4809,Student_4809,12,74
4810,Student_4810,17,14
4811,Student_4811,11,44
4812,Student_4812,17,48
4813,Student_4813,10,21
4814,Student_4814,14,11
4815,Student_4815,16,84
4816,Student_4816,18,50
4817,Student_4817,18,1
4818,Student_4818,17,81
4819,Student_4819,17,99
4820,Student_4820,11,61
4821,Student_4821,12,50
4822,Student_4822,12,88
4823,Student_4823,13,96
4824,Student_4824,13,76
4825,Student_4825,14,44
4826,Student_4826,11,59
4827,Student_4827,16,70
4828,Student_4828,11,19
4829,Student_4829,12,45
4830,Student_4830,14,83
4831,Student_4831,17,66
4832,Student_4832,16,41
4833,Student_4833,15,66
4834,Student_4834,11,11
4835,Student_4835,14,40
4836,Student_4836,10,80
4837,Student_4837,13,22
4838,Student_4838,13,18
4839,Student_4839,10,96
4840,Student_4840,12,21
4841,Student_4841,18,26
4842,Student_4842,18,97
4843,Student_4843,13,74
4844,Student_4844,10,70
4845,Student_4845,11,86
4846,Student_4846,13,11
4847,Student_4847,18,71
4848,Student_4848,11,50
4849,Student_4849,16,83
4850,Student_4850,10,51
4851,Student_4851,18,62
4852,Student_4852,13,48
4853,Student_4853,16,48
4854,Student_4854,13,77
4855,Student_4855,15,63
4856,Student_4856,11,63
4857,Student_4857,11,45
4858,Student_4858,18,53
4859,Student_4859,18,75
4860,Student_4860,17,83
4861,Student_4861,15,70
4862,Student_4862,17,93
4863,Student_4863,10,82
4864,Student_4864,13,56
4865,Student_4865,12,67
4866,Student_4866,15,93
4867,Student_4867,13,62
4868,Student_4868,11,83
4869,Student_4869,15,69
4870,Student_4870,17,55
4871,Student_4871,13,24
4872,Student_4872,11,43
4873,Student_4873,11,97
4874,Student_4874,12,66
4875,Student_4875,12,57
4876,Student_4876,15,94
4877,Student_4877,15,59
4878,Student_4878,16,53
4879,Student_4879,13,76
4880,Student_4880,17,71
4881,Student_4881,11,19
4882,Student_4882,14,47
4883,Student_4883,17,47
4884,Student_4884,11,38
4885,Student_4885,10,52
4886,Student_4886,17,41
4887,Student_4887,13,20
4888,Student_4888,16,41
4889,Student_4889,10,7
4890,Student_4890,16,58
4891,Student_4891,12,86
4892,Student_4892,10,73
4893,Student_4893,15,36
4894,Student_4894,12,8
4895,Student_4895,13,20
4896,Student_4896,10,55
4897,Student_4897,11,20
4898,Student_4898,12,54
4899,Student_4899,10,23
4900,Student_4900,18,85
4901,Student_4901,10,40
4902,Student_4902,14,24
4903,Student_4903,11,82
4904,Student_4904,12,34
4905,Student_4905,18,11
4906,Student_4906,11,57
4907,Student_4907,18,58
4908,Student_4908,11,72
4909,Student_4909,16,24
4910,Student_4910,14,44
4911,Student_4911,17,28
4912,Student_4912,14,8
4913,Student_4913,14,88
4914,Student_4914,11,73
4915,Student_4915,11,30
4916,Student_4916,18,60
4917,Student_4917,12,20
4918,Student_4918,13,89
4919,Student_4919,16,11
4920,Student_4920,13,0
4921,Student_4921,18,50
4922,Student_4922,16,58
4923,Student_4923,15,58
4924,Student_4924,17,5
4925,Student_4925,10,31
4926,Student_4926,12,50
4927,Student_4927,14,21
4928,Student_4928,12,88
4929,Student_4929,16,8
4930,Student_4930,18,49
4931,Student_4931,13,69
4932,Student_4932,13,26
4933,Student_4933,18,63
4934,Student_4934,14,83
4935,Student_4935,14,19
4936,Student_4936,13,92
4937,Student_4937,18,55
4938,Student_4938,15,30
4939,Student_4939,16,43
4940,Student_4940,17,31
4941,Student_4941,13,73
4942,Student_4942,13,80
4943,Student_4943,17,84
4944,Student_4944,13,99
4945,Student_4945,17,79
4946,Student_4946,18,60
4947,Student_4947,15,34
4948,Student_4948,16,55
4949,Student_4949,17,4
4950,Student_4950,17,75
4951,Student_4951,13,45
4952,Student_4952,10,2
4953,Student_4953,13,6
4954,Student_4954,16,39
4955,Student_4955,14,58
4956,Student_4956,16,46
4957,Student_4957,13,62
4958,Student_4958,15,48
4959,Student_4959,11,66
4960,Student_4960,16,22
4961,Student_4961,14,11
4962,Student_4962,11,60
4963,Student_4963,12,48
4964,Student_4964,16,2
4965,Student_4965,14,38
4966,Student_4966,11,10
4967,Student_4967,18,53
4968,Student_4968,16,39
4969,Student_4969,18,61
4970,Student_4970,13,81
4971,Student_4971,14,30
4972,Student_4972,18,97
4973,Student_4973,14,54
4974,Student_4974,16,62
4975,Student_4975,12,68
4976,Student_4976,14,67
4977,Student_4977,11,51
4978,Student_4978,11,43
4979,Student_4979,10,5
4980,Student_4980,10,2
4981,Student_4981,18,36
4982,Student_4982,12,33
4983,Student_4983,15,39
4984,Student_4984,17,13
4985,Student_4985,14,74
4986,Student_4986,11,86
4987,Student_4987,16,94
4988,Student_4988,15,49
4989,Student_4989,16,70
4990,Student_4990,16,86
4991,Student_4991,18,42
4992,Student_4992,15,31
4993,Student_4993,13,94
4994,Student_4994,15,52
4995,Student_4995,10,50
4996,Student_4996,18,18
4997,Student_4997,11,10
4998,Student_4998,12,85
4999,Student_4999,17,62
5000,Student_5000,15,32
